n,adhesivity,Optimal Time,Optimal Retained,Optimal Score,particle_size
0.0,0.55,0.9999999999999998,0.0,0.0,0.06
0.001,0.55,0.9999999999999998,0.0,0.0009999999999999998,0.06
0.002,0.55,0.9999999999999998,0.0,0.0019999999999999996,0.06
0.003,0.55,0.9999999999999998,0.0,0.002999999999999999,0.06
0.004,0.55,0.9999999999999998,0.0,0.003999999999999999,0.06
0.005,0.55,0.9999999999999998,0.0,0.004999999999999999,0.06
0.006,0.55,0.9999999999999998,0.0,0.005999999999999998,0.06
0.007,0.55,0.9999999999999998,0.0,0.006999999999999998,0.06
0.008,0.55,0.9999999999999998,0.0,0.007999999999999998,0.06
0.009000000000000001,0.55,0.9999999999999998,0.0,0.009,0.06
0.01,0.55,0.9999999999999998,0.0,0.009999999999999998,0.06
0.011,0.55,0.9999999999999998,0.0,0.010999999999999998,0.06
0.012,0.55,0.9999999999999998,0.0,0.011999999999999997,0.06
0.013000000000000001,0.55,0.9999999999999998,0.0,0.012999999999999998,0.06
0.014,0.55,0.9999999999999998,0.0,0.013999999999999997,0.06
0.015,0.55,0.9999999999999998,0.0,0.014999999999999996,0.06
0.016,0.55,0.9999999999999998,0.0,0.015999999999999997,0.06
0.017,0.55,0.9999999999999998,0.0,0.016999999999999998,0.06
0.018000000000000002,0.55,0.9999999999999998,0.0,0.018,0.06
0.019,0.55,0.9999999999999998,0.0,0.018999999999999996,0.06
0.02,0.55,0.9999999999999998,0.0,0.019999999999999997,0.06
0.021,0.55,0.9999999999999998,0.0,0.020999999999999998,0.06
0.022,0.55,0.9999999999999998,0.0,0.021999999999999995,0.06
0.023,0.55,0.9999999999999998,0.0,0.022999999999999996,0.06
0.024,0.55,0.9999999999999998,0.0,0.023999999999999994,0.06
0.025,0.55,0.9999999999999998,0.0,0.024999999999999994,0.06
0.026000000000000002,0.55,0.9999999999999998,0.0,0.025999999999999995,0.06
0.027,0.55,0.9999999999999998,0.0,0.026999999999999993,0.06
0.028,0.55,0.9999999999999998,0.0,0.027999999999999994,0.06
0.029,0.55,0.9999999999999998,0.0,0.028999999999999995,0.06
0.03,0.55,0.9999999999999998,0.0,0.029999999999999992,0.06
0.031,0.55,0.9999999999999998,0.0,0.030999999999999993,0.06
0.032,0.55,0.9999999999999998,0.0,0.031999999999999994,0.06
0.033,0.55,0.9999999999999998,0.0,0.032999999999999995,0.06
0.034,0.55,0.9999999999999998,0.0,0.033999999999999996,0.06
0.035,0.55,0.9999999999999998,0.0,0.034999999999999996,0.06
0.036000000000000004,0.55,0.9999999999999998,0.0,0.036,0.06
0.037,0.55,0.9999999999999998,0.0,0.03699999999999999,0.06
0.038,0.55,0.9999999999999998,0.0,0.03799999999999999,0.06
0.039,0.55,0.9999999999999998,0.0,0.03899999999999999,0.06
0.04,0.55,0.9999999999999998,0.0,0.039999999999999994,0.06
0.041,0.55,0.9999999999999998,0.0,0.040999999999999995,0.06
0.042,0.55,0.9999999999999998,0.0,0.041999999999999996,0.06
0.043000000000000003,0.55,0.9999999999999998,0.0,0.043,0.06
0.044,0.55,0.9999999999999998,0.0,0.04399999999999999,0.06
0.045,0.55,0.9999999999999998,0.0,0.04499999999999999,0.06
0.046,0.55,0.9999999999999998,0.0,0.04599999999999999,0.06
0.047,0.55,0.9999999999999998,0.0,0.046999999999999986,0.06
0.048,0.55,0.9999999999999998,0.0,0.04799999999999999,0.06
0.049,0.55,0.9999999999999998,0.0,0.04899999999999999,0.06
0.05,0.55,0.9999999999999998,0.0,0.04999999999999999,0.06
0.051000000000000004,0.55,0.9999999999999998,0.0,0.05099999999999999,0.06
0.052000000000000005,0.55,0.9999999999999998,0.0,0.05199999999999999,0.06
0.053,0.55,0.9999999999999998,0.0,0.052999999999999985,0.06
0.054,0.55,0.9999999999999998,0.0,0.053999999999999986,0.06
0.055,0.55,0.9999999999999998,0.0,0.054999999999999986,0.06
0.056,0.55,0.9999999999999998,0.0,0.05599999999999999,0.06
0.057,0.55,0.9999999999999998,0.0,0.05699999999999999,0.06
0.058,0.55,0.9999999999999998,0.0,0.05799999999999999,0.06
0.059000000000000004,0.55,0.9999999999999998,0.0,0.05899999999999999,0.06
0.06,0.55,0.9999999999999998,0.0,0.059999999999999984,0.06
0.061,0.55,0.9999999999999998,0.0,0.060999999999999985,0.06
0.062,0.55,0.9999999999999998,0.0,0.061999999999999986,0.06
0.063,0.55,0.9999999999999998,0.0,0.06299999999999999,0.06
0.064,0.55,0.9999999999999998,0.0,0.06399999999999999,0.06
0.065,0.55,0.9999999999999998,0.0,0.06499999999999999,0.06
0.066,0.55,0.9999999999999998,0.0,0.06599999999999999,0.06
0.067,0.55,0.9999999999999998,0.0,0.06699999999999999,0.06
0.068,0.55,0.9999999999999998,0.0,0.06799999999999999,0.06
0.069,0.55,0.9999999999999998,0.0,0.06899999999999999,0.06
0.07,0.55,0.9999999999999998,0.0,0.06999999999999999,0.06
0.07100000000000001,0.55,0.9999999999999998,0.0,0.071,0.06
0.07200000000000001,0.55,0.9999999999999998,0.0,0.072,0.06
0.073,0.55,0.9999999999999998,0.0,0.07299999999999998,0.06
0.074,0.55,0.9999999999999998,0.0,0.07399999999999998,0.06
0.075,0.55,0.9999999999999998,0.0,0.07499999999999998,0.06
0.076,0.55,0.9999999999999998,0.0,0.07599999999999998,0.06
0.077,0.55,0.9999999999999998,0.0,0.07699999999999999,0.06
0.078,0.55,0.9999999999999998,0.0,0.07799999999999999,0.06
0.079,0.55,0.9999999999999998,0.0,0.07899999999999999,0.06
0.08,0.55,0.9999999999999998,0.0,0.07999999999999999,0.06
0.081,0.55,0.9999999999999998,0.0,0.08099999999999999,0.06
0.082,0.55,0.9999999999999998,0.0,0.08199999999999999,0.06
0.083,0.55,0.9999999999999998,0.0,0.08299999999999999,0.06
0.084,0.55,0.9999999999999998,0.0,0.08399999999999999,0.06
0.085,0.55,0.9999999999999998,0.0,0.08499999999999999,0.06
0.08600000000000001,0.55,0.9999999999999998,0.0,0.086,0.06
0.08700000000000001,0.55,0.9999999999999998,0.0,0.087,0.06
0.088,0.55,0.9999999999999998,0.0,0.08799999999999998,0.06
0.089,0.55,0.9999999999999998,0.0,0.08899999999999998,0.06
0.09,0.55,0.9999999999999998,0.0,0.08999999999999998,0.06
0.091,0.55,0.9999999999999998,0.0,0.09099999999999998,0.06
0.092,0.55,0.9999999999999998,0.0,0.09199999999999998,0.06
0.093,0.55,0.9999999999999998,0.0,0.09299999999999999,0.06
0.094,0.55,0.9999999999999998,0.0,0.09399999999999997,0.06
0.095,0.55,0.9999999999999998,0.0,0.09499999999999997,0.06
0.096,0.55,0.9999999999999998,0.0,0.09599999999999997,0.06
0.097,0.55,0.9999999999999998,0.0,0.09699999999999998,0.06
0.098,0.55,0.9999999999999998,0.0,0.09799999999999998,0.06
0.099,0.55,0.9999999999999998,0.0,0.09899999999999998,0.06
0.1,0.55,0.9999999999999998,0.0,0.09999999999999998,0.06
0.101,0.55,0.9999999999999998,0.0,0.10099999999999998,0.06
0.10200000000000001,0.55,0.9999999999999998,0.0,0.10199999999999998,0.06
0.10300000000000001,0.55,0.9999999999999998,0.0,0.10299999999999998,0.06
0.10400000000000001,0.55,0.9999999999999998,0.0,0.10399999999999998,0.06
0.105,0.55,0.9999999999999998,0.0,0.10499999999999997,0.06
0.106,0.55,0.9999999999999998,0.0,0.10599999999999997,0.06
0.107,0.55,0.9999999999999998,0.0,0.10699999999999997,0.06
0.108,0.55,0.9999999999999998,0.0,0.10799999999999997,0.06
0.109,0.55,0.9999999999999998,0.0,0.10899999999999997,0.06
0.11,0.55,0.9999999999999998,0.0,0.10999999999999997,0.06
0.111,0.55,0.9999999999999998,0.0,0.11099999999999997,0.06
0.112,0.55,0.9999999999999998,0.0,0.11199999999999997,0.06
0.113,0.55,0.9999999999999998,0.0,0.11299999999999998,0.06
0.114,0.55,0.9999999999999998,0.0,0.11399999999999998,0.06
0.115,0.55,0.9999999999999998,0.0,0.11499999999999998,0.06
0.116,0.55,0.9999999999999998,0.0,0.11599999999999998,0.06
0.117,0.55,0.9999999999999998,0.0,0.11699999999999998,0.06
0.11800000000000001,0.55,0.9999999999999998,0.0,0.11799999999999998,0.06
0.11900000000000001,0.55,0.9999999999999998,0.0,0.11899999999999998,0.06
0.12,0.55,0.9999999999999998,0.0,0.11999999999999997,0.06
0.121,0.55,0.9999999999999998,0.0,0.12099999999999997,0.06
0.122,0.55,0.9999999999999998,0.0,0.12199999999999997,0.06
0.123,0.55,0.9999999999999998,0.0,0.12299999999999997,0.06
0.124,0.55,0.9999999999999998,0.0,0.12399999999999997,0.06
0.125,0.55,0.9999999999999998,0.0,0.12499999999999997,0.06
0.126,0.55,0.9999999999999998,0.0,0.12599999999999997,0.06
0.127,0.55,0.9999999999999998,0.0,0.12699999999999997,0.06
0.128,0.55,0.9999999999999998,0.0,0.12799999999999997,0.06
0.129,0.55,0.9999999999999998,0.0,0.12899999999999998,0.06
0.13,0.55,0.9999999999999998,0.0,0.12999999999999998,0.06
0.131,0.55,0.9999999999999998,0.0,0.13099999999999998,0.06
0.132,0.55,0.9999999999999998,0.0,0.13199999999999998,0.06
0.133,0.55,0.9999999999999998,0.0,0.13299999999999998,0.06
0.134,0.55,0.9999999999999998,0.0,0.13399999999999998,0.06
0.135,0.55,0.9999999999999998,0.0,0.13499999999999998,0.06
0.136,0.55,0.9999999999999998,0.0,0.13599999999999998,0.06
0.137,0.55,0.9999999999999998,0.0,0.13699999999999998,0.06
0.138,0.55,0.9999999999999998,0.0,0.13799999999999998,0.06
0.139,0.55,0.9999999999999998,0.0,0.13899999999999998,0.06
0.14,0.55,0.9999999999999998,0.0,0.13999999999999999,0.06
0.14100000000000001,0.55,0.9999999999999998,0.0,0.141,0.06
0.14200000000000002,0.55,0.9999999999999998,0.0,0.142,0.06
0.14300000000000002,0.55,0.9999999999999998,0.0,0.143,0.06
0.14400000000000002,0.55,0.9999999999999998,0.0,0.144,0.06
0.145,0.55,0.9999999999999998,0.0,0.14499999999999996,0.06
0.146,0.55,0.9999999999999998,0.0,0.14599999999999996,0.06
0.147,0.55,0.9999999999999998,0.0,0.14699999999999996,0.06
0.148,0.55,0.9999999999999998,0.0,0.14799999999999996,0.06
0.149,0.55,0.9999999999999998,0.0,0.14899999999999997,0.06
0.15,0.55,0.9999999999999998,0.0,0.14999999999999997,0.06
0.151,0.55,0.9999999999999998,0.0,0.15099999999999997,0.06
0.152,0.55,0.9999999999999998,0.0,0.15199999999999997,0.06
0.153,0.55,0.9999999999999998,0.0,0.15299999999999997,0.06
0.154,0.55,0.9999999999999998,0.0,0.15399999999999997,0.06
0.155,0.55,0.9999999999999998,0.0,0.15499999999999997,0.06
0.156,0.55,0.9999999999999998,0.0,0.15599999999999997,0.06
0.157,0.55,0.9999999999999998,0.0,0.15699999999999997,0.06
0.158,0.55,0.9999999999999998,0.0,0.15799999999999997,0.06
0.159,0.55,0.9999999999999998,0.0,0.15899999999999997,0.06
0.16,0.55,0.9999999999999998,0.0,0.15999999999999998,0.06
0.161,0.55,0.9999999999999998,0.0,0.16099999999999998,0.06
0.162,0.55,0.9999999999999998,0.0,0.16199999999999998,0.06
0.163,0.55,0.9999999999999998,0.0,0.16299999999999998,0.06
0.164,0.55,0.9999999999999998,0.0,0.16399999999999998,0.06
0.165,0.55,0.9999999999999998,0.0,0.16499999999999998,0.06
0.166,0.55,0.9999999999999998,0.0,0.16599999999999998,0.06
0.167,0.55,0.9999999999999998,0.0,0.16699999999999998,0.06
0.168,0.55,0.9999999999999998,0.0,0.16799999999999998,0.06
0.169,0.55,0.9999999999999998,0.0,0.16899999999999998,0.06
0.17,0.55,0.9999999999999998,0.0,0.16999999999999998,0.06
0.171,0.55,0.9999999999999998,0.0,0.17099999999999999,0.06
0.17200000000000001,0.55,0.9999999999999998,0.0,0.172,0.06
0.17300000000000001,0.55,0.9999999999999998,0.0,0.173,0.06
0.17400000000000002,0.55,0.9999999999999998,0.0,0.174,0.06
0.17500000000000002,0.55,0.9999999999999998,0.0,0.175,0.06
0.176,0.55,0.9999999999999998,0.0,0.17599999999999996,0.06
0.177,0.55,0.9999999999999998,0.0,0.17699999999999996,0.06
0.178,0.55,0.9999999999999998,0.0,0.17799999999999996,0.06
0.179,0.55,0.9999999999999998,0.0,0.17899999999999996,0.06
0.18,0.55,0.9999999999999998,0.0,0.17999999999999997,0.06
0.181,0.55,0.9999999999999998,0.0,0.18099999999999997,0.06
0.182,0.55,0.9999999999999998,0.0,0.18199999999999997,0.06
0.183,0.55,0.9999999999999998,0.0,0.18299999999999997,0.06
0.184,0.55,0.9999999999999998,0.0,0.18399999999999997,0.06
0.185,0.55,0.9999999999999998,0.0,0.18499999999999997,0.06
0.186,0.55,0.9999999999999998,0.0,0.18599999999999997,0.06
0.187,0.55,0.9999999999999998,0.0,0.18699999999999997,0.06
0.188,0.55,0.9999999999999998,0.0,0.18799999999999994,0.06
0.189,0.55,0.9999999999999998,0.0,0.18899999999999995,0.06
0.19,0.55,0.9999999999999998,0.0,0.18999999999999995,0.06
0.191,0.55,0.9999999999999998,0.0,0.19099999999999995,0.06
0.192,0.55,0.9999999999999998,0.0,0.19199999999999995,0.06
0.193,0.55,0.9999999999999998,0.0,0.19299999999999995,0.06
0.194,0.55,0.9999999999999998,0.0,0.19399999999999995,0.06
0.195,0.55,0.9999999999999998,0.0,0.19499999999999995,0.06
0.196,0.55,0.9999999999999998,0.0,0.19599999999999995,0.06
0.197,0.55,0.9999999999999998,0.0,0.19699999999999995,0.06
0.198,0.55,0.9999999999999998,0.0,0.19799999999999995,0.06
0.199,0.55,0.9999999999999998,0.0,0.19899999999999995,0.06
0.2,0.55,0.9999999999999998,0.0,0.19999999999999996,0.06
0.201,0.55,0.9999999999999998,0.0,0.20099999999999996,0.06
0.202,0.55,0.9999999999999998,0.0,0.20199999999999996,0.06
0.203,0.55,0.9999999999999998,0.0,0.20299999999999996,0.06
0.20400000000000001,0.55,0.9999999999999998,0.0,0.20399999999999996,0.06
0.20500000000000002,0.55,0.9999999999999998,0.0,0.20499999999999996,0.06
0.20600000000000002,0.55,0.9999999999999998,0.0,0.20599999999999996,0.06
0.20700000000000002,0.55,0.9999999999999998,0.0,0.20699999999999996,0.06
0.20800000000000002,0.55,0.9999999999999998,0.0,0.20799999999999996,0.06
0.209,0.55,0.9999999999999998,0.0,0.20899999999999994,0.06
0.21,0.55,0.9999999999999998,0.0,0.20999999999999994,0.06
0.211,0.55,0.9999999999999998,0.0,0.21099999999999994,0.06
0.212,0.55,0.9999999999999998,0.0,0.21199999999999994,0.06
0.213,0.55,0.9999999999999998,0.0,0.21299999999999994,0.06
0.214,0.55,0.9999999999999998,0.0,0.21399999999999994,0.06
0.215,0.55,0.9999999999999998,0.0,0.21499999999999994,0.06
0.216,0.55,0.9999999999999998,0.0,0.21599999999999994,0.06
0.217,0.55,0.9999999999999998,0.0,0.21699999999999994,0.06
0.218,0.55,0.9999999999999998,0.0,0.21799999999999994,0.06
0.219,0.55,0.9999999999999998,0.0,0.21899999999999994,0.06
0.22,0.55,0.9999999999999998,0.0,0.21999999999999995,0.06
0.221,0.55,0.9999999999999998,0.0,0.22099999999999995,0.06
0.222,0.55,0.9999999999999998,0.0,0.22199999999999995,0.06
0.223,0.55,0.9999999999999998,0.0,0.22299999999999995,0.06
0.224,0.55,0.9999999999999998,0.0,0.22399999999999995,0.06
0.225,0.55,0.9999999999999998,0.0,0.22499999999999995,0.06
0.226,0.55,0.9999999999999998,0.0,0.22599999999999995,0.06
0.227,0.55,0.9999999999999998,0.0,0.22699999999999995,0.06
0.228,0.55,0.9999999999999998,0.0,0.22799999999999995,0.06
0.229,0.55,0.9999999999999998,0.0,0.22899999999999995,0.06
0.23,0.55,0.9999999999999998,0.0,0.22999999999999995,0.06
0.231,0.55,0.9999999999999998,0.0,0.23099999999999996,0.06
0.232,0.55,0.9999999999999998,0.0,0.23199999999999996,0.06
0.233,0.55,0.9999999999999998,0.0,0.23299999999999996,0.06
0.234,0.55,0.9999999999999998,0.0,0.23399999999999996,0.06
0.23500000000000001,0.55,0.9999999999999998,0.0,0.23499999999999996,0.06
0.23600000000000002,0.55,0.9999999999999998,0.0,0.23599999999999996,0.06
0.23700000000000002,0.55,0.9999999999999998,0.0,0.23699999999999996,0.06
0.23800000000000002,0.55,0.9999999999999998,0.0,0.23799999999999996,0.06
0.23900000000000002,0.55,0.9999999999999998,0.0,0.23899999999999996,0.06
0.24,0.55,0.9999999999999998,0.0,0.23999999999999994,0.06
0.241,0.55,0.9999999999999998,0.0,0.24099999999999994,0.06
0.242,0.55,0.9999999999999998,0.0,0.24199999999999994,0.06
0.243,0.55,0.9999999999999998,0.0,0.24299999999999994,0.06
0.244,0.55,0.9999999999999998,0.0,0.24399999999999994,0.06
0.245,0.55,0.9999999999999998,0.0,0.24499999999999994,0.06
0.246,0.55,0.9999999999999998,0.0,0.24599999999999994,0.06
0.247,0.55,0.9999999999999998,0.0,0.24699999999999994,0.06
0.248,0.55,0.9999999999999998,0.0,0.24799999999999994,0.06
0.249,0.55,0.9999999999999998,0.0,0.24899999999999994,0.06
0.25,0.55,0.9999999999999998,0.0,0.24999999999999994,0.06
0.251,0.55,0.9999999999999998,0.0,0.25099999999999995,0.06
0.252,0.55,0.9999999999999998,0.0,0.25199999999999995,0.06
0.253,0.55,0.9999999999999998,0.0,0.25299999999999995,0.06
0.254,0.55,0.9999999999999998,0.0,0.25399999999999995,0.06
0.255,0.55,0.9999999999999998,0.0,0.25499999999999995,0.06
0.256,0.55,0.9999999999999998,0.0,0.25599999999999995,0.06
0.257,0.55,0.9999999999999998,0.0,0.25699999999999995,0.06
0.258,0.55,0.9999999999999998,0.0,0.25799999999999995,0.06
0.259,0.55,0.9999999999999998,0.0,0.25899999999999995,0.06
0.26,0.55,0.9999999999999998,0.0,0.25999999999999995,0.06
0.261,0.55,0.9999999999999998,0.0,0.26099999999999995,0.06
0.262,0.55,0.9999999999999998,0.0,0.26199999999999996,0.06
0.263,0.55,0.9999999999999998,0.0,0.26299999999999996,0.06
0.264,0.55,0.9999999999999998,0.0,0.26399999999999996,0.06
0.265,0.55,0.9999999999999998,0.0,0.26499999999999996,0.06
0.266,0.55,0.9999999999999998,0.0,0.26599999999999996,0.06
0.267,0.55,0.9999999999999998,0.0,0.26699999999999996,0.06
0.268,0.55,0.9999999999999998,0.0,0.26799999999999996,0.06
0.269,0.55,0.9999999999999998,0.0,0.26899999999999996,0.06
0.27,0.55,0.9999999999999998,0.0,0.26999999999999996,0.06
0.271,0.55,0.9999999999999998,0.0,0.27099999999999996,0.06
0.272,0.55,0.9999999999999998,0.0,0.27199999999999996,0.06
0.273,0.55,0.9999999999999998,0.0,0.27299999999999996,0.06
0.274,0.55,0.9999999999999998,0.0,0.27399999999999997,0.06
0.275,0.55,0.9999999999999998,0.0,0.27499999999999997,0.06
0.276,0.55,0.9999999999999998,0.0,0.27599999999999997,0.06
0.277,0.55,0.9999999999999998,0.0,0.27699999999999997,0.06
0.278,0.55,0.9999999999999998,0.0,0.27799999999999997,0.06
0.279,0.55,0.9999999999999998,0.0,0.27899999999999997,0.06
0.28,0.55,0.9999999999999998,0.0,0.27999999999999997,0.06
0.281,0.55,0.9999999999999998,0.0,0.28099999999999997,0.06
0.28200000000000003,0.55,0.9999999999999998,0.0,0.282,0.06
0.28300000000000003,0.55,0.9999999999999998,0.0,0.283,0.06
0.28400000000000003,0.55,0.9999999999999998,0.0,0.284,0.06
0.28500000000000003,0.55,0.9999999999999998,0.0,0.285,0.06
0.28600000000000003,0.55,0.9999999999999998,0.0,0.286,0.06
0.28700000000000003,0.55,0.9999999999999998,0.0,0.287,0.06
0.28800000000000003,0.55,0.9999999999999998,0.0,0.288,0.06
0.289,0.55,0.9999999999999998,0.0,0.2889999999999999,0.06
0.29,0.55,0.9999999999999998,0.0,0.2899999999999999,0.06
0.291,0.55,0.9999999999999998,0.0,0.2909999999999999,0.06
0.292,0.55,0.9999999999999998,0.0,0.2919999999999999,0.06
0.293,0.55,0.9999999999999998,0.0,0.2929999999999999,0.06
0.294,0.55,0.9999999999999998,0.0,0.29399999999999993,0.06
0.295,0.55,0.9999999999999998,0.0,0.29499999999999993,0.06
0.296,0.55,0.9999999999999998,0.0,0.29599999999999993,0.06
0.297,0.55,0.9999999999999998,0.0,0.29699999999999993,0.06
0.298,0.55,0.9999999999999998,0.0,0.29799999999999993,0.06
0.299,0.55,0.9999999999999998,0.0,0.29899999999999993,0.06
0.3,0.55,0.9999999999999998,0.0,0.29999999999999993,0.06
0.301,0.55,0.9999999999999998,0.0,0.30099999999999993,0.06
0.302,0.55,0.9999999999999998,0.0,0.30199999999999994,0.06
0.303,0.55,0.9999999999999998,0.0,0.30299999999999994,0.06
0.304,0.55,0.9999999999999998,0.0,0.30399999999999994,0.06
0.305,0.55,0.9999999999999998,0.0,0.30499999999999994,0.06
0.306,0.55,0.9999999999999998,0.0,0.30599999999999994,0.06
0.307,0.55,0.9999999999999998,0.0,0.30699999999999994,0.06
0.308,0.55,0.9999999999999998,0.0,0.30799999999999994,0.06
0.309,0.55,0.9999999999999998,0.0,0.30899999999999994,0.06
0.31,0.55,0.9999999999999998,0.0,0.30999999999999994,0.06
0.311,0.55,0.9999999999999998,0.0,0.31099999999999994,0.06
0.312,0.55,0.9999999999999998,0.0,0.31199999999999994,0.06
0.313,0.55,0.9999999999999998,0.0,0.31299999999999994,0.06
0.314,0.55,0.9999999999999998,0.0,0.31399999999999995,0.06
0.315,0.55,0.9999999999999998,0.0,0.31499999999999995,0.06
0.316,0.55,0.9999999999999998,0.0,0.31599999999999995,0.06
0.317,0.55,0.9999999999999998,0.0,0.31699999999999995,0.06
0.318,0.55,0.9999999999999998,0.0,0.31799999999999995,0.06
0.319,0.55,0.9999999999999998,0.0,0.31899999999999995,0.06
0.32,0.55,0.9999999999999998,0.0,0.31999999999999995,0.06
0.321,0.55,0.9999999999999998,0.0,0.32099999999999995,0.06
0.322,0.55,0.9999999999999998,0.0,0.32199999999999995,0.06
0.323,0.55,0.9999999999999998,0.0,0.32299999999999995,0.06
0.324,0.55,0.9999999999999998,0.0,0.32399999999999995,0.06
0.325,0.55,0.9999999999999998,0.0,0.32499999999999996,0.06
0.326,0.55,0.9999999999999998,0.0,0.32599999999999996,0.06
0.327,0.55,0.9999999999999998,0.0,0.32699999999999996,0.06
0.328,0.55,0.9999999999999998,0.0,0.32799999999999996,0.06
0.329,0.55,0.9999999999999998,0.0,0.32899999999999996,0.06
0.33,0.55,0.9999999999999998,0.0,0.32999999999999996,0.06
0.331,0.55,0.9999999999999998,0.0,0.33099999999999996,0.06
0.332,0.55,0.9999999999999998,0.0,0.33199999999999996,0.06
0.333,0.55,0.9999999999999998,0.0,0.33299999999999996,0.06
0.334,0.55,0.9999999999999998,0.0,0.33399999999999996,0.06
0.335,0.55,0.9999999999999998,0.0,0.33499999999999996,0.06
0.336,0.55,0.9999999999999998,0.0,0.33599999999999997,0.06
0.337,0.55,0.9999999999999998,0.0,0.33699999999999997,0.06
0.338,0.55,0.9999999999999998,0.0,0.33799999999999997,0.06
0.339,0.55,0.9999999999999998,0.0,0.33899999999999997,0.06
0.34,0.55,0.9999999999999998,0.0,0.33999999999999997,0.06
0.341,0.55,0.9999999999999998,0.0,0.34099999999999997,0.06
0.342,0.55,0.9999999999999998,0.0,0.34199999999999997,0.06
0.343,0.55,0.9999999999999998,0.0,0.34299999999999997,0.06
0.34400000000000003,0.55,0.9999999999999998,0.0,0.344,0.06
0.34500000000000003,0.55,0.9999999999999998,0.0,0.345,0.06
0.34600000000000003,0.55,0.9999999999999998,0.0,0.346,0.06
0.34700000000000003,0.55,0.9999999999999998,0.0,0.347,0.06
0.34800000000000003,0.55,0.9999999999999998,0.0,0.348,0.06
0.34900000000000003,0.55,0.9999999999999998,0.0,0.349,0.06
0.35000000000000003,0.55,0.9999999999999998,0.0,0.35,0.06
0.35100000000000003,0.5,0.698935713181055,0.16236074847854787,0.3506985610891279,0.06
0.352,0.5,0.698935713181055,0.16236074847854787,0.35123513605383033,0.06
0.353,0.5,0.698935713181055,0.16236074847854787,0.35177171101853283,0.06
0.354,0.5,0.698935713181055,0.16236074847854787,0.3523082859832354,0.06
0.355,0.5,0.698935713181055,0.16236074847854787,0.3528448609479379,0.06
0.356,0.5,0.698935713181055,0.16236074847854787,0.3533814359126404,0.06
0.357,0.5,0.698935713181055,0.16236074847854787,0.35391801087734287,0.06
0.358,0.5,0.698935713181055,0.16236074847854787,0.35445458584204537,0.06
0.359,0.5,0.698935713181055,0.16236074847854787,0.3549911608067479,0.06
0.36,0.5,0.698935713181055,0.16236074847854787,0.35552773577145036,0.06
0.361,0.5,0.698935713181055,0.16236074847854787,0.3560643107361529,0.06
0.362,0.5,0.698935713181055,0.16236074847854787,0.35660088570085546,0.06
0.363,0.5,0.698935713181055,0.16236074847854787,0.35713746066555796,0.06
0.364,0.5,0.698935713181055,0.16236074847854787,0.35767403563026046,0.06
0.365,0.5,0.698935713181055,0.16236074847854787,0.35821061059496295,0.06
0.366,0.5,0.698935713181055,0.16236074847854787,0.35874718555966545,0.06
0.367,0.5,0.698935713181055,0.16236074847854787,0.35928376052436795,0.06
0.368,0.5,0.698935713181055,0.16236074847854787,0.3598203354890705,0.06
0.369,0.5,0.698935713181055,0.16236074847854787,0.36035691045377294,0.06
0.37,0.5,0.698935713181055,0.16236074847854787,0.3608934854184755,0.06
0.371,0.5,0.698935713181055,0.16236074847854787,0.361430060383178,0.06
0.372,0.5,0.698935713181055,0.16236074847854787,0.36196663534788054,0.06
0.373,0.5,0.698935713181055,0.16236074847854787,0.362503210312583,0.06
0.374,0.5,0.698935713181055,0.16236074847854787,0.36303978527728553,0.06
0.375,0.5,0.698935713181055,0.16236074847854787,0.36357636024198803,0.06
0.376,0.5,0.698935713181055,0.16236074847854787,0.3641129352066905,0.06
0.377,0.5,0.698935713181055,0.16236074847854787,0.3646495101713931,0.06
0.378,0.5,0.698935713181055,0.16236074847854787,0.3651860851360955,0.06
0.379,0.5,0.698935713181055,0.16236074847854787,0.36572266010079807,0.06
0.38,0.5,0.698935713181055,0.16236074847854787,0.36625923506550057,0.06
0.381,0.5,0.698935713181055,0.16236074847854787,0.3667958100302031,0.06
0.382,0.5,0.698935713181055,0.16236074847854787,0.36733238499490556,0.06
0.383,0.5,0.698935713181055,0.16236074847854787,0.3678689599596081,0.06
0.384,0.5,0.698935713181055,0.16236074847854787,0.3684055349243106,0.06
0.385,0.5,0.698935713181055,0.16236074847854787,0.3689421098890131,0.06
0.386,0.5,0.698935713181055,0.16236074847854787,0.3694786848537156,0.06
0.387,0.5,0.698935713181055,0.16236074847854787,0.3700152598184181,0.06
0.388,0.5,0.698935713181055,0.16236074847854787,0.3705518347831206,0.06
0.389,0.5,0.698935713181055,0.16236074847854787,0.37108840974782314,0.06
0.39,0.5,0.698935713181055,0.16236074847854787,0.3716249847125257,0.06
0.391,0.5,0.698935713181055,0.16236074847854787,0.37216155967722814,0.06
0.392,0.5,0.698935713181055,0.16236074847854787,0.3726981346419307,0.06
0.393,0.5,0.698935713181055,0.16236074847854787,0.3732347096066332,0.06
0.394,0.5,0.698935713181055,0.16236074847854787,0.3737712845713357,0.06
0.395,0.5,0.698935713181055,0.16236074847854787,0.3743078595360382,0.06
0.396,0.5,0.698935713181055,0.16236074847854787,0.3748444345007407,0.06
0.397,0.5,0.698935713181055,0.16236074847854787,0.37538100946544317,0.06
0.398,0.5,0.698935713181055,0.16236074847854787,0.3759175844301457,0.06
0.399,0.5,0.698935713181055,0.16236074847854787,0.37645415939484816,0.06
0.4,0.5,0.698935713181055,0.16236074847854787,0.3769907343595507,0.06
0.401,0.5,0.698935713181055,0.16236074847854787,0.3775273093242532,0.06
0.402,0.5,0.698935713181055,0.16236074847854787,0.37806388428895576,0.06
0.403,0.5,0.698935713181055,0.16236074847854787,0.3786004592536582,0.06
0.404,0.5,0.698935713181055,0.16236074847854787,0.37913703421836076,0.06
0.405,0.5,0.698935713181055,0.16236074847854787,0.37967360918306325,0.06
0.406,0.5,0.698935713181055,0.16236074847854787,0.38021018414776575,0.06
0.40700000000000003,0.5,0.698935713181055,0.16236074847854787,0.3807467591124683,0.06
0.40800000000000003,0.5,0.698935713181055,0.16236074847854787,0.38128333407717074,0.06
0.40900000000000003,0.5,0.698935713181055,0.16236074847854787,0.3818199090418733,0.06
0.41000000000000003,0.5,0.698935713181055,0.16236074847854787,0.3823564840065758,0.06
0.41100000000000003,0.5,0.698935713181055,0.16236074847854787,0.38289305897127834,0.06
0.41200000000000003,0.5,0.698935713181055,0.16236074847854787,0.3834296339359808,0.06
0.41300000000000003,0.5,0.698935713181055,0.16236074847854787,0.38396620890068334,0.06
0.41400000000000003,0.5,0.698935713181055,0.16236074847854787,0.38450278386538583,0.06
0.41500000000000004,0.5,0.698935713181055,0.16236074847854787,0.38503935883008833,0.06
0.41600000000000004,0.5,0.698935713181055,0.16236074847854787,0.3855759337947908,0.06
0.417,0.5,0.698935713181055,0.16236074847854787,0.3861125087594933,0.06
0.418,0.5,0.698935713181055,0.16236074847854787,0.3866490837241958,0.06
0.419,0.5,0.698935713181055,0.16236074847854787,0.3871856586888983,0.06
0.42,0.5,0.698935713181055,0.16236074847854787,0.38772223365360087,0.06
0.421,0.5,0.698935713181055,0.16236074847854787,0.3882588086183033,0.06
0.422,0.5,0.698935713181055,0.16236074847854787,0.38879538358300586,0.06
0.423,0.5,0.698935713181055,0.16236074847854787,0.3893319585477083,0.06
0.424,0.5,0.698935713181055,0.16236074847854787,0.3898685335124109,0.06
0.425,0.5,0.698935713181055,0.16236074847854787,0.3904051084771134,0.06
0.426,0.5,0.698935713181055,0.16236074847854787,0.3909416834418159,0.06
0.427,0.5,0.698935713181055,0.16236074847854787,0.3914782584065184,0.06
0.428,0.5,0.698935713181055,0.16236074847854787,0.3920148333712209,0.06
0.429,0.5,0.698935713181055,0.16236074847854787,0.3925514083359234,0.06
0.43,0.5,0.698935713181055,0.16236074847854787,0.3930879833006259,0.06
0.431,0.5,0.698935713181055,0.16236074847854787,0.39362455826532844,0.06
0.432,0.5,0.698935713181055,0.16236074847854787,0.39416113323003094,0.06
0.433,0.5,0.698935713181055,0.16236074847854787,0.39469770819473343,0.06
0.434,0.5,0.698935713181055,0.16236074847854787,0.39523428315943593,0.06
0.435,0.5,0.698935713181055,0.16236074847854787,0.3957708581241385,0.06
0.436,0.5,0.698935713181055,0.16236074847854787,0.396307433088841,0.06
0.437,0.5,0.698935713181055,0.16236074847854787,0.3968440080535435,0.06
0.438,0.5,0.698935713181055,0.16236074847854787,0.397380583018246,0.06
0.439,0.5,0.698935713181055,0.16236074847854787,0.39791715798294847,0.06
0.44,0.5,0.698935713181055,0.16236074847854787,0.398453732947651,0.06
0.441,0.5,0.698935713181055,0.16236074847854787,0.39899030791235346,0.06
0.442,0.5,0.698935713181055,0.16236074847854787,0.39952688287705607,0.06
0.443,0.5,0.698935713181055,0.16236074847854787,0.4000634578417585,0.06
0.444,0.5,0.698935713181055,0.16236074847854787,0.40060003280646106,0.06
0.445,0.5,0.698935713181055,0.16236074847854787,0.4011366077711635,0.06
0.446,0.45,0.47591216920034296,0.34181356376103733,0.4016215417869677,0.06
0.447,0.45,0.47591216920034296,0.34181356376103733,0.40175564039240697,0.06
0.448,0.45,0.47591216920034296,0.34181356376103733,0.4018897389978463,0.06
0.449,0.45,0.47591216920034296,0.34181356376103733,0.4020238376032855,0.06
0.45,0.45,0.47591216920034296,0.34181356376103733,0.40215793620872486,0.06
0.451,0.45,0.47591216920034296,0.34181356376103733,0.4022920348141642,0.06
0.452,0.45,0.47591216920034296,0.34181356376103733,0.40242613341960354,0.06
0.453,0.45,0.47591216920034296,0.34181356376103733,0.40256023202504276,0.06
0.454,0.45,0.47591216920034296,0.34181356376103733,0.4026943306304821,0.06
0.455,0.45,0.47591216920034296,0.34181356376103733,0.4028284292359214,0.06
0.456,0.45,0.47591216920034296,0.34181356376103733,0.4029625278413607,0.06
0.457,0.45,0.47591216920034296,0.34181356376103733,0.4030966264468,0.06
0.458,0.45,0.47591216920034296,0.34181356376103733,0.40323072505223934,0.06
0.459,0.45,0.47591216920034296,0.34181356376103733,0.4033648236576786,0.06
0.46,0.45,0.47591216920034296,0.34181356376103733,0.40349892226311795,0.06
0.461,0.45,0.47591216920034296,0.34181356376103733,0.40363302086855724,0.06
0.462,0.45,0.47591216920034296,0.34181356376103733,0.40376711947399657,0.06
0.463,0.45,0.47591216920034296,0.34181356376103733,0.4039012180794358,0.06
0.464,0.45,0.47591216920034296,0.34181356376103733,0.40403531668487513,0.06
0.465,0.45,0.47591216920034296,0.34181356376103733,0.40416941529031447,0.06
0.466,0.45,0.47591216920034296,0.34181356376103733,0.4043035138957538,0.06
0.467,0.45,0.47591216920034296,0.34181356376103733,0.40443761250119303,0.06
0.468,0.45,0.47591216920034296,0.34181356376103733,0.40457171110663237,0.06
0.46900000000000003,0.45,0.47591216920034296,0.34181356376103733,0.40470580971207165,0.06
0.47000000000000003,0.45,0.47591216920034296,0.34181356376103733,0.40483990831751104,0.06
0.47100000000000003,0.45,0.47591216920034296,0.34181356376103733,0.40497400692295027,0.06
0.47200000000000003,0.45,0.47591216920034296,0.34181356376103733,0.4051081055283896,0.06
0.47300000000000003,0.45,0.47591216920034296,0.34181356376103733,0.4052422041338289,0.06
0.47400000000000003,0.45,0.47591216920034296,0.34181356376103733,0.4053763027392682,0.06
0.47500000000000003,0.45,0.47591216920034296,0.34181356376103733,0.4055104013447075,0.06
0.47600000000000003,0.45,0.47591216920034296,0.34181356376103733,0.40564449995014684,0.06
0.47700000000000004,0.45,0.47591216920034296,0.34181356376103733,0.40577859855558607,0.06
0.47800000000000004,0.45,0.47591216920034296,0.34181356376103733,0.40591269716102546,0.06
0.47900000000000004,0.45,0.47591216920034296,0.34181356376103733,0.40604679576646474,0.06
0.48,0.45,0.47591216920034296,0.34181356376103733,0.406180894371904,0.06
0.481,0.45,0.47591216920034296,0.34181356376103733,0.4063149929773433,0.06
0.482,0.45,0.47591216920034296,0.34181356376103733,0.40644909158278264,0.06
0.483,0.45,0.47591216920034296,0.34181356376103733,0.406583190188222,0.06
0.484,0.45,0.47591216920034296,0.34181356376103733,0.40671728879366126,0.06
0.485,0.45,0.47591216920034296,0.34181356376103733,0.40685138739910054,0.06
0.486,0.45,0.47591216920034296,0.34181356376103733,0.4069854860045399,0.06
0.487,0.45,0.47591216920034296,0.34181356376103733,0.4071195846099792,0.06
0.488,0.45,0.47591216920034296,0.34181356376103733,0.40725368321541844,0.06
0.489,0.45,0.47591216920034296,0.34181356376103733,0.4073877818208578,0.06
0.49,0.45,0.47591216920034296,0.34181356376103733,0.4075218804262971,0.06
0.491,0.45,0.47591216920034296,0.34181356376103733,0.4076559790317364,0.06
0.492,0.45,0.47591216920034296,0.34181356376103733,0.4077900776371757,0.06
0.493,0.45,0.47591216920034296,0.34181356376103733,0.407924176242615,0.06
0.494,0.45,0.47591216920034296,0.34181356376103733,0.40805827484805435,0.06
0.495,0.45,0.47591216920034296,0.34181356376103733,0.40819237345349363,0.06
0.496,0.45,0.47591216920034296,0.34181356376103733,0.4083264720589329,0.06
0.497,0.45,0.47591216920034296,0.34181356376103733,0.40846057066437225,0.06
0.498,0.45,0.47591216920034296,0.34181356376103733,0.40859466926981153,0.06
0.499,0.45,0.47591216920034296,0.34181356376103733,0.4087287678752508,0.06
0.5,0.45,0.47591216920034296,0.34181356376103733,0.40886286648069015,0.06
0.501,0.45,0.47591216920034296,0.34181356376103733,0.4089969650861295,0.06
0.502,0.45,0.47591216920034296,0.34181356376103733,0.40913106369156876,0.06
0.503,0.45,0.47591216920034296,0.34181356376103733,0.40926516229700804,0.06
0.504,0.45,0.47591216920034296,0.34181356376103733,0.4093992609024474,0.06
0.505,0.45,0.47591216920034296,0.34181356376103733,0.40953335950788666,0.06
0.506,0.45,0.47591216920034296,0.34181356376103733,0.40966745811332594,0.06
0.507,0.45,0.47591216920034296,0.34181356376103733,0.4098015567187653,0.06
0.508,0.45,0.47591216920034296,0.34181356376103733,0.4099356553242046,0.06
0.509,0.45,0.47591216920034296,0.34181356376103733,0.4100697539296439,0.06
0.51,0.45,0.47591216920034296,0.34181356376103733,0.4102038525350832,0.06
0.511,0.45,0.47591216920034296,0.34181356376103733,0.4103379511405225,0.06
0.512,0.45,0.47591216920034296,0.34181356376103733,0.41047204974596185,0.06
0.513,0.45,0.47591216920034296,0.34181356376103733,0.4106061483514011,0.06
0.514,0.45,0.47591216920034296,0.34181356376103733,0.4107402469568404,0.06
0.515,0.45,0.47591216920034296,0.34181356376103733,0.41087434556227975,0.06
0.516,0.45,0.47591216920034296,0.34181356376103733,0.41100844416771903,0.06
0.517,0.45,0.47591216920034296,0.34181356376103733,0.4111425427731583,0.06
0.518,0.45,0.47591216920034296,0.34181356376103733,0.41127664137859765,0.06
0.519,0.45,0.47591216920034296,0.34181356376103733,0.411410739984037,0.06
0.52,0.45,0.47591216920034296,0.34181356376103733,0.41154483858947627,0.06
0.521,0.45,0.47591216920034296,0.34181356376103733,0.41167893719491555,0.06
0.522,0.45,0.47591216920034296,0.34181356376103733,0.4118130358003549,0.06
0.523,0.4,0.29491574583640356,0.5399840310901929,0.41181331790246106,0.06
0.524,0.4,0.29491574583640356,0.5399840310901929,0.4115682496172073,0.06
0.525,0.4,0.29491574583640356,0.5399840310901929,0.4113231813319535,0.06
0.526,0.4,0.29491574583640356,0.5399840310901929,0.41107811304669967,0.06
0.527,0.4,0.29491574583640356,0.5399840310901929,0.4108330447614459,0.06
0.528,0.4,0.29491574583640356,0.5399840310901929,0.41058797647619216,0.06
0.529,0.4,0.29491574583640356,0.5399840310901929,0.4103429081909383,0.06
0.53,0.4,0.29491574583640356,0.5399840310901929,0.4100978399056845,0.06
0.531,0.4,0.29491574583640356,0.5399840310901929,0.40985277162043077,0.06
0.532,0.4,0.29491574583640356,0.5399840310901929,0.40960770333517693,0.06
0.533,0.4,0.29491574583640356,0.5399840310901929,0.4093626350499232,0.06
0.534,0.4,0.29491574583640356,0.5399840310901929,0.40911756676466937,0.06
0.535,0.4,0.29491574583640356,0.5399840310901929,0.4088724984794156,0.06
0.536,0.4,0.29491574583640356,0.5399840310901929,0.4086274301941618,0.06
0.537,0.4,0.29491574583640356,0.5399840310901929,0.40838236190890803,0.06
0.538,0.4,0.29491574583640356,0.5399840310901929,0.40813729362365425,0.06
0.539,0.4,0.29491574583640356,0.5399840310901929,0.4078922253384004,0.06
0.54,0.4,0.29491574583640356,0.5399840310901929,0.40764715705314664,0.06
0.541,0.4,0.29491574583640356,0.5399840310901929,0.40740208876789286,0.06
0.542,0.4,0.29491574583640356,0.5399840310901929,0.4071570204826391,0.06
0.543,0.4,0.29491574583640356,0.5399840310901929,0.4069119521973853,0.06
0.544,0.4,0.29491574583640356,0.5399840310901929,0.40666688391213146,0.06
0.545,0.4,0.29491574583640356,0.5399840310901929,0.4064218156268777,0.06
0.546,0.4,0.29491574583640356,0.5399840310901929,0.4061767473416239,0.06
0.547,0.4,0.29491574583640356,0.5399840310901929,0.4059316790563701,0.06
0.548,0.4,0.29491574583640356,0.5399840310901929,0.40568661077111634,0.06
0.549,0.4,0.29491574583640356,0.5399840310901929,0.4054415424858625,0.06
0.55,0.4,0.29491574583640356,0.5399840310901929,0.4051964742006088,0.06
0.551,0.4,0.29491574583640356,0.5399840310901929,0.40495140591535495,0.06
0.552,0.4,0.29491574583640356,0.5399840310901929,0.40470633763010117,0.06
0.553,0.4,0.29491574583640356,0.5399840310901929,0.4044612693448474,0.06
0.554,0.4,0.29491574583640356,0.5399840310901929,0.4042162010595936,0.06
0.555,0.4,0.29491574583640356,0.5399840310901929,0.4039711327743398,0.06
0.556,0.4,0.29491574583640356,0.5399840310901929,0.403726064489086,0.06
0.557,0.4,0.29491574583640356,0.5399840310901929,0.4034809962038322,0.06
0.558,0.4,0.29491574583640356,0.5399840310901929,0.40323592791857843,0.06
0.559,0.4,0.29491574583640356,0.5399840310901929,0.40299085963332465,0.06
0.56,0.4,0.29491574583640356,0.5399840310901929,0.40274579134807087,0.06
0.561,0.4,0.29491574583640356,0.5399840310901929,0.40250072306281703,0.06
0.562,0.4,0.29491574583640356,0.5399840310901929,0.4022556547775633,0.06
0.5630000000000001,0.4,0.29491574583640356,0.5399840310901929,0.4020105864923095,0.06
0.5640000000000001,0.4,0.29491574583640356,0.5399840310901929,0.4017655182070557,0.06
0.5650000000000001,0.4,0.29491574583640356,0.5399840310901929,0.4015204499218019,0.06
0.5660000000000001,0.4,0.29491574583640356,0.5399840310901929,0.40127538163654813,0.06
0.5670000000000001,0.4,0.29491574583640356,0.5399840310901929,0.40103031335129435,0.06
0.5680000000000001,0.4,0.29491574583640356,0.5399840310901929,0.4007852450660405,0.06
0.5690000000000001,0.4,0.29491574583640356,0.5399840310901929,0.40054017678078674,0.06
0.5700000000000001,0.4,0.29491574583640356,0.5399840310901929,0.40029510849553296,0.06
0.5710000000000001,0.4,0.29491574583640356,0.5399840310901929,0.4000500402102791,0.06
0.5720000000000001,0.4,0.29491574583640356,0.5399840310901929,0.3998049719250254,0.06
0.5730000000000001,0.4,0.29491574583640356,0.5399840310901929,0.39955990363977156,0.06
0.5740000000000001,0.4,0.29491574583640356,0.5399840310901929,0.39931483535451784,0.06
0.5750000000000001,0.4,0.29491574583640356,0.5399840310901929,0.399069767069264,0.06
0.5760000000000001,0.4,0.29491574583640356,0.5399840310901929,0.3988246987840102,0.06
0.577,0.4,0.29491574583640356,0.5399840310901929,0.39857963049875644,0.06
0.578,0.4,0.29491574583640356,0.5399840310901929,0.39833456221350266,0.06
0.579,0.4,0.29491574583640356,0.5399840310901929,0.3980894939282489,0.06
0.58,0.4,0.29491574583640356,0.5399840310901929,0.3978444256429951,0.06
0.581,0.4,0.29491574583640356,0.5399840310901929,0.3975993573577413,0.06
0.582,0.4,0.29491574583640356,0.5399840310901929,0.3973542890724875,0.06
0.583,0.4,0.29491574583640356,0.5399840310901929,0.3971092207872337,0.06
0.584,0.4,0.29491574583640356,0.5399840310901929,0.3968641525019799,0.06
0.585,0.35,0.13917840149680782,0.7587021743979598,0.3962807672507859,0.06
0.586,0.35,0.13917840149680782,0.7587021743979598,0.3956612434778848,0.06
0.587,0.35,0.13917840149680782,0.7587021743979598,0.3950417197049836,0.06
0.588,0.35,0.13917840149680782,0.7587021743979598,0.3944221959320825,0.06
0.589,0.35,0.13917840149680782,0.7587021743979598,0.3938026721591813,0.06
0.59,0.35,0.13917840149680782,0.7587021743979598,0.39318314838628016,0.06
0.591,0.35,0.13917840149680782,0.7587021743979598,0.392563624613379,0.06
0.592,0.35,0.13917840149680782,0.7587021743979598,0.3919441008404778,0.06
0.593,0.35,0.13917840149680782,0.7587021743979598,0.39132457706757673,0.06
0.594,0.35,0.13917840149680782,0.7587021743979598,0.3907050532946756,0.06
0.595,0.35,0.13917840149680782,0.7587021743979598,0.3900855295217744,0.06
0.596,0.35,0.13917840149680782,0.7587021743979598,0.38946600574887325,0.06
0.597,0.35,0.13917840149680782,0.7587021743979598,0.38884648197597216,0.06
0.598,0.35,0.13917840149680782,0.7587021743979598,0.38822695820307096,0.06
0.599,0.35,0.13917840149680782,0.7587021743979598,0.3876074344301698,0.06
0.6,0.35,0.13917840149680782,0.7587021743979598,0.3869879106572687,0.06
0.601,0.35,0.13917840149680782,0.7587021743979598,0.3863683868843675,0.06
0.602,0.35,0.13917840149680782,0.7587021743979598,0.38574886311146633,0.06
0.603,0.35,0.13917840149680782,0.7587021743979598,0.3851293393385652,0.06
0.604,0.35,0.13917840149680782,0.7587021743979598,0.38450981556566405,0.06
0.605,0.35,0.13917840149680782,0.7587021743979598,0.3838902917927629,0.06
0.606,0.35,0.13917840149680782,0.7587021743979598,0.3832707680198617,0.06
0.607,0.35,0.13917840149680782,0.7587021743979598,0.38265124424696056,0.06
0.608,0.35,0.13917840149680782,0.7587021743979598,0.3820317204740594,0.06
0.609,0.35,0.13917840149680782,0.7587021743979598,0.3814121967011582,0.06
0.61,0.35,0.13917840149680782,0.7587021743979598,0.38079267292825714,0.06
0.611,0.35,0.13917840149680782,0.7587021743979598,0.380173149155356,0.06
0.612,0.35,0.13917840149680782,0.7587021743979598,0.3795536253824548,0.06
0.613,0.35,0.13917840149680782,0.7587021743979598,0.37893410160955365,0.06
0.614,0.35,0.13917840149680782,0.7587021743979598,0.37831457783665245,0.06
0.615,0.35,0.13917840149680782,0.7587021743979598,0.37769505406375137,0.06
0.616,0.35,0.13917840149680782,0.7587021743979598,0.3770755302908502,0.06
0.617,0.35,0.13917840149680782,0.7587021743979598,0.376456006517949,0.06
0.618,0.35,0.13917840149680782,0.7587021743979598,0.3758364827450479,0.06
0.619,0.35,0.13917840149680782,0.7587021743979598,0.3752169589721468,0.06
0.62,0.35,0.13917840149680782,0.7587021743979598,0.3745974351992456,0.06
0.621,0.35,0.13917840149680782,0.7587021743979598,0.37397791142634446,0.06
0.622,0.35,0.13917840149680782,0.7587021743979598,0.3733583876534433,0.06
0.623,0.35,0.13917840149680782,0.7587021743979598,0.3727388638805421,0.06
0.624,0.35,0.13917840149680782,0.7587021743979598,0.372119340107641,0.06
0.625,0.35,0.13917840149680782,0.7587021743979598,0.37149981633473983,0.06
0.626,0.35,0.13917840149680782,0.7587021743979598,0.3708802925618387,0.06
0.627,0.35,0.13917840149680782,0.7587021743979598,0.37026076878893754,0.06
0.628,0.35,0.13917840149680782,0.7587021743979598,0.36964124501603635,0.06
0.629,0.35,0.13917840149680782,0.7587021743979598,0.3690217212431352,0.06
0.63,0.35,0.13917840149680782,0.7587021743979598,0.36840219747023406,0.06
0.631,0.35,0.13917840149680782,0.7587021743979598,0.36778267369733286,0.06
0.632,0.35,0.13917840149680782,0.7587021743979598,0.3671631499244318,0.06
0.633,0.35,0.13917840149680782,0.7587021743979598,0.36654362615153063,0.06
0.634,0.35,0.13917840149680782,0.7587021743979598,0.36592410237862943,0.06
0.635,0.3,0.0,0.9999999999999998,0.36499999999999994,0.06
0.636,0.3,0.0,0.9999999999999998,0.36399999999999993,0.06
0.637,0.3,0.0,0.9999999999999998,0.36299999999999993,0.06
0.638,0.3,0.0,0.9999999999999998,0.36199999999999993,0.06
0.639,0.3,0.0,0.9999999999999998,0.36099999999999993,0.06
0.64,0.3,0.0,0.9999999999999998,0.35999999999999993,0.06
0.641,0.3,0.0,0.9999999999999998,0.35899999999999993,0.06
0.642,0.3,0.0,0.9999999999999998,0.35799999999999993,0.06
0.643,0.3,0.0,0.9999999999999998,0.35699999999999993,0.06
0.644,0.3,0.0,0.9999999999999998,0.3559999999999999,0.06
0.645,0.3,0.0,0.9999999999999998,0.3549999999999999,0.06
0.646,0.3,0.0,0.9999999999999998,0.3539999999999999,0.06
0.647,0.3,0.0,0.9999999999999998,0.3529999999999999,0.06
0.648,0.3,0.0,0.9999999999999998,0.3519999999999999,0.06
0.649,0.3,0.0,0.9999999999999998,0.3509999999999999,0.06
0.65,0.3,0.0,0.9999999999999998,0.3499999999999999,0.06
0.651,0.3,0.0,0.9999999999999998,0.3489999999999999,0.06
0.652,0.3,0.0,0.9999999999999998,0.3479999999999999,0.06
0.653,0.3,0.0,0.9999999999999998,0.3469999999999999,0.06
0.654,0.3,0.0,0.9999999999999998,0.3459999999999999,0.06
0.655,0.3,0.0,0.9999999999999998,0.3449999999999999,0.06
0.656,0.3,0.0,0.9999999999999998,0.3439999999999999,0.06
0.657,0.3,0.0,0.9999999999999998,0.3429999999999999,0.06
0.658,0.3,0.0,0.9999999999999998,0.3419999999999999,0.06
0.659,0.3,0.0,0.9999999999999998,0.3409999999999999,0.06
0.66,0.3,0.0,0.9999999999999998,0.3399999999999999,0.06
0.661,0.3,0.0,0.9999999999999998,0.3389999999999999,0.06
0.662,0.3,0.0,0.9999999999999998,0.3379999999999999,0.06
0.663,0.3,0.0,0.9999999999999998,0.3369999999999999,0.06
0.664,0.3,0.0,0.9999999999999998,0.3359999999999999,0.06
0.665,0.3,0.0,0.9999999999999998,0.3349999999999999,0.06
0.666,0.3,0.0,0.9999999999999998,0.3339999999999999,0.06
0.667,0.3,0.0,0.9999999999999998,0.3329999999999999,0.06
0.668,0.3,0.0,0.9999999999999998,0.3319999999999999,0.06
0.669,0.3,0.0,0.9999999999999998,0.3309999999999999,0.06
0.67,0.3,0.0,0.9999999999999998,0.3299999999999999,0.06
0.671,0.3,0.0,0.9999999999999998,0.3289999999999999,0.06
0.672,0.3,0.0,0.9999999999999998,0.3279999999999999,0.06
0.673,0.3,0.0,0.9999999999999998,0.3269999999999999,0.06
0.674,0.3,0.0,0.9999999999999998,0.3259999999999999,0.06
0.675,0.3,0.0,0.9999999999999998,0.3249999999999999,0.06
0.676,0.3,0.0,0.9999999999999998,0.3239999999999999,0.06
0.677,0.3,0.0,0.9999999999999998,0.3229999999999999,0.06
0.678,0.3,0.0,0.9999999999999998,0.3219999999999999,0.06
0.679,0.3,0.0,0.9999999999999998,0.3209999999999999,0.06
0.68,0.3,0.0,0.9999999999999998,0.3199999999999999,0.06
0.681,0.3,0.0,0.9999999999999998,0.3189999999999999,0.06
0.682,0.3,0.0,0.9999999999999998,0.3179999999999999,0.06
0.683,0.3,0.0,0.9999999999999998,0.3169999999999999,0.06
0.684,0.3,0.0,0.9999999999999998,0.3159999999999999,0.06
0.685,0.3,0.0,0.9999999999999998,0.3149999999999999,0.06
0.686,0.3,0.0,0.9999999999999998,0.3139999999999999,0.06
0.687,0.3,0.0,0.9999999999999998,0.3129999999999999,0.06
0.6880000000000001,0.3,0.0,0.9999999999999998,0.3119999999999999,0.06
0.6890000000000001,0.3,0.0,0.9999999999999998,0.3109999999999999,0.06
0.6900000000000001,0.3,0.0,0.9999999999999998,0.3099999999999999,0.06
0.6910000000000001,0.3,0.0,0.9999999999999998,0.3089999999999999,0.06
0.6920000000000001,0.3,0.0,0.9999999999999998,0.3079999999999999,0.06
0.6930000000000001,0.3,0.0,0.9999999999999998,0.3069999999999999,0.06
0.6940000000000001,0.3,0.0,0.9999999999999998,0.3059999999999999,0.06
0.6950000000000001,0.3,0.0,0.9999999999999998,0.3049999999999999,0.06
0.6960000000000001,0.3,0.0,0.9999999999999998,0.3039999999999999,0.06
0.6970000000000001,0.3,0.0,0.9999999999999998,0.3029999999999999,0.06
0.6980000000000001,0.3,0.0,0.9999999999999998,0.3019999999999999,0.06
0.6990000000000001,0.3,0.0,0.9999999999999998,0.3009999999999999,0.06
0.7000000000000001,0.3,0.0,0.9999999999999998,0.2999999999999999,0.06
0.7010000000000001,0.3,0.0,0.9999999999999998,0.2989999999999999,0.06
0.7020000000000001,0.3,0.0,0.9999999999999998,0.2979999999999999,0.06
0.7030000000000001,0.3,0.0,0.9999999999999998,0.2969999999999999,0.06
0.704,0.3,0.0,0.9999999999999998,0.296,0.06
0.705,0.3,0.0,0.9999999999999998,0.295,0.06
0.706,0.3,0.0,0.9999999999999998,0.294,0.06
0.707,0.3,0.0,0.9999999999999998,0.293,0.06
0.708,0.3,0.0,0.9999999999999998,0.292,0.06
0.709,0.3,0.0,0.9999999999999998,0.291,0.06
0.71,0.3,0.0,0.9999999999999998,0.29,0.06
0.711,0.3,0.0,0.9999999999999998,0.289,0.06
0.712,0.3,0.0,0.9999999999999998,0.288,0.06
0.713,0.3,0.0,0.9999999999999998,0.287,0.06
0.714,0.3,0.0,0.9999999999999998,0.286,0.06
0.715,0.3,0.0,0.9999999999999998,0.285,0.06
0.716,0.3,0.0,0.9999999999999998,0.284,0.06
0.717,0.3,0.0,0.9999999999999998,0.283,0.06
0.718,0.3,0.0,0.9999999999999998,0.282,0.06
0.719,0.3,0.0,0.9999999999999998,0.28099999999999997,0.06
0.72,0.3,0.0,0.9999999999999998,0.27999999999999997,0.06
0.721,0.3,0.0,0.9999999999999998,0.27899999999999997,0.06
0.722,0.3,0.0,0.9999999999999998,0.27799999999999997,0.06
0.723,0.3,0.0,0.9999999999999998,0.27699999999999997,0.06
0.724,0.3,0.0,0.9999999999999998,0.27599999999999997,0.06
0.725,0.3,0.0,0.9999999999999998,0.27499999999999997,0.06
0.726,0.3,0.0,0.9999999999999998,0.27399999999999997,0.06
0.727,0.3,0.0,0.9999999999999998,0.27299999999999996,0.06
0.728,0.3,0.0,0.9999999999999998,0.27199999999999996,0.06
0.729,0.3,0.0,0.9999999999999998,0.27099999999999996,0.06
0.73,0.3,0.0,0.9999999999999998,0.26999999999999996,0.06
0.731,0.3,0.0,0.9999999999999998,0.26899999999999996,0.06
0.732,0.3,0.0,0.9999999999999998,0.26799999999999996,0.06
0.733,0.3,0.0,0.9999999999999998,0.26699999999999996,0.06
0.734,0.3,0.0,0.9999999999999998,0.26599999999999996,0.06
0.735,0.3,0.0,0.9999999999999998,0.26499999999999996,0.06
0.736,0.3,0.0,0.9999999999999998,0.26399999999999996,0.06
0.737,0.3,0.0,0.9999999999999998,0.26299999999999996,0.06
0.738,0.3,0.0,0.9999999999999998,0.26199999999999996,0.06
0.739,0.3,0.0,0.9999999999999998,0.26099999999999995,0.06
0.74,0.3,0.0,0.9999999999999998,0.25999999999999995,0.06
0.741,0.3,0.0,0.9999999999999998,0.25899999999999995,0.06
0.742,0.3,0.0,0.9999999999999998,0.25799999999999995,0.06
0.743,0.3,0.0,0.9999999999999998,0.25699999999999995,0.06
0.744,0.3,0.0,0.9999999999999998,0.25599999999999995,0.06
0.745,0.3,0.0,0.9999999999999998,0.25499999999999995,0.06
0.746,0.3,0.0,0.9999999999999998,0.25399999999999995,0.06
0.747,0.3,0.0,0.9999999999999998,0.25299999999999995,0.06
0.748,0.3,0.0,0.9999999999999998,0.25199999999999995,0.06
0.749,0.3,0.0,0.9999999999999998,0.25099999999999995,0.06
0.75,0.3,0.0,0.9999999999999998,0.24999999999999994,0.06
0.751,0.3,0.0,0.9999999999999998,0.24899999999999994,0.06
0.752,0.3,0.0,0.9999999999999998,0.24799999999999994,0.06
0.753,0.3,0.0,0.9999999999999998,0.24699999999999994,0.06
0.754,0.3,0.0,0.9999999999999998,0.24599999999999994,0.06
0.755,0.3,0.0,0.9999999999999998,0.24499999999999994,0.06
0.756,0.3,0.0,0.9999999999999998,0.24399999999999994,0.06
0.757,0.3,0.0,0.9999999999999998,0.24299999999999994,0.06
0.758,0.3,0.0,0.9999999999999998,0.24199999999999994,0.06
0.759,0.3,0.0,0.9999999999999998,0.24099999999999994,0.06
0.76,0.3,0.0,0.9999999999999998,0.23999999999999994,0.06
0.761,0.3,0.0,0.9999999999999998,0.23899999999999993,0.06
0.762,0.3,0.0,0.9999999999999998,0.23799999999999993,0.06
0.763,0.3,0.0,0.9999999999999998,0.23699999999999993,0.06
0.764,0.3,0.0,0.9999999999999998,0.23599999999999993,0.06
0.765,0.3,0.0,0.9999999999999998,0.23499999999999993,0.06
0.766,0.3,0.0,0.9999999999999998,0.23399999999999993,0.06
0.767,0.3,0.0,0.9999999999999998,0.23299999999999993,0.06
0.768,0.3,0.0,0.9999999999999998,0.23199999999999993,0.06
0.769,0.3,0.0,0.9999999999999998,0.23099999999999993,0.06
0.77,0.3,0.0,0.9999999999999998,0.22999999999999993,0.06
0.771,0.3,0.0,0.9999999999999998,0.22899999999999993,0.06
0.772,0.3,0.0,0.9999999999999998,0.22799999999999992,0.06
0.773,0.3,0.0,0.9999999999999998,0.22699999999999992,0.06
0.774,0.3,0.0,0.9999999999999998,0.22599999999999992,0.06
0.775,0.3,0.0,0.9999999999999998,0.22499999999999992,0.06
0.776,0.3,0.0,0.9999999999999998,0.22399999999999992,0.06
0.777,0.3,0.0,0.9999999999999998,0.22299999999999992,0.06
0.778,0.3,0.0,0.9999999999999998,0.22199999999999992,0.06
0.779,0.3,0.0,0.9999999999999998,0.22099999999999992,0.06
0.78,0.3,0.0,0.9999999999999998,0.21999999999999992,0.06
0.781,0.3,0.0,0.9999999999999998,0.21899999999999992,0.06
0.782,0.3,0.0,0.9999999999999998,0.21799999999999992,0.06
0.783,0.3,0.0,0.9999999999999998,0.21699999999999992,0.06
0.784,0.3,0.0,0.9999999999999998,0.21599999999999991,0.06
0.785,0.3,0.0,0.9999999999999998,0.2149999999999999,0.06
0.786,0.3,0.0,0.9999999999999998,0.2139999999999999,0.06
0.787,0.3,0.0,0.9999999999999998,0.2129999999999999,0.06
0.788,0.3,0.0,0.9999999999999998,0.2119999999999999,0.06
0.789,0.3,0.0,0.9999999999999998,0.2109999999999999,0.06
0.79,0.3,0.0,0.9999999999999998,0.2099999999999999,0.06
0.791,0.3,0.0,0.9999999999999998,0.2089999999999999,0.06
0.792,0.3,0.0,0.9999999999999998,0.2079999999999999,0.06
0.793,0.3,0.0,0.9999999999999998,0.2069999999999999,0.06
0.794,0.3,0.0,0.9999999999999998,0.2059999999999999,0.06
0.795,0.3,0.0,0.9999999999999998,0.2049999999999999,0.06
0.796,0.3,0.0,0.9999999999999998,0.2039999999999999,0.06
0.797,0.3,0.0,0.9999999999999998,0.2029999999999999,0.06
0.798,0.3,0.0,0.9999999999999998,0.2019999999999999,0.06
0.799,0.3,0.0,0.9999999999999998,0.2009999999999999,0.06
0.8,0.3,0.0,0.9999999999999998,0.1999999999999999,0.06
0.801,0.3,0.0,0.9999999999999998,0.1989999999999999,0.06
0.802,0.3,0.0,0.9999999999999998,0.1979999999999999,0.06
0.803,0.3,0.0,0.9999999999999998,0.1969999999999999,0.06
0.804,0.3,0.0,0.9999999999999998,0.1959999999999999,0.06
0.805,0.3,0.0,0.9999999999999998,0.1949999999999999,0.06
0.806,0.3,0.0,0.9999999999999998,0.1939999999999999,0.06
0.807,0.3,0.0,0.9999999999999998,0.1929999999999999,0.06
0.808,0.3,0.0,0.9999999999999998,0.1919999999999999,0.06
0.809,0.3,0.0,0.9999999999999998,0.1909999999999999,0.06
0.81,0.3,0.0,0.9999999999999998,0.1899999999999999,0.06
0.811,0.3,0.0,0.9999999999999998,0.1889999999999999,0.06
0.812,0.3,0.0,0.9999999999999998,0.1879999999999999,0.06
0.8130000000000001,0.3,0.0,0.9999999999999998,0.18699999999999992,0.06
0.8140000000000001,0.3,0.0,0.9999999999999998,0.18599999999999992,0.06
0.8150000000000001,0.3,0.0,0.9999999999999998,0.18499999999999991,0.06
0.8160000000000001,0.3,0.0,0.9999999999999998,0.1839999999999999,0.06
0.8170000000000001,0.3,0.0,0.9999999999999998,0.1829999999999999,0.06
0.8180000000000001,0.3,0.0,0.9999999999999998,0.1819999999999999,0.06
0.8190000000000001,0.3,0.0,0.9999999999999998,0.1809999999999999,0.06
0.8200000000000001,0.3,0.0,0.9999999999999998,0.1799999999999999,0.06
0.8210000000000001,0.3,0.0,0.9999999999999998,0.1789999999999999,0.06
0.8220000000000001,0.3,0.0,0.9999999999999998,0.1779999999999999,0.06
0.8230000000000001,0.3,0.0,0.9999999999999998,0.1769999999999999,0.06
0.8240000000000001,0.3,0.0,0.9999999999999998,0.1759999999999999,0.06
0.8250000000000001,0.3,0.0,0.9999999999999998,0.1749999999999999,0.06
0.8260000000000001,0.3,0.0,0.9999999999999998,0.1739999999999999,0.06
0.8270000000000001,0.3,0.0,0.9999999999999998,0.1729999999999999,0.06
0.8280000000000001,0.3,0.0,0.9999999999999998,0.1719999999999999,0.06
0.8290000000000001,0.3,0.0,0.9999999999999998,0.1709999999999999,0.06
0.8300000000000001,0.3,0.0,0.9999999999999998,0.1699999999999999,0.06
0.8310000000000001,0.3,0.0,0.9999999999999998,0.1689999999999999,0.06
0.8320000000000001,0.3,0.0,0.9999999999999998,0.1679999999999999,0.06
0.833,0.3,0.0,0.9999999999999998,0.167,0.06
0.834,0.3,0.0,0.9999999999999998,0.166,0.06
0.835,0.3,0.0,0.9999999999999998,0.165,0.06
0.836,0.3,0.0,0.9999999999999998,0.164,0.06
0.837,0.3,0.0,0.9999999999999998,0.163,0.06
0.838,0.3,0.0,0.9999999999999998,0.162,0.06
0.839,0.3,0.0,0.9999999999999998,0.161,0.06
0.84,0.3,0.0,0.9999999999999998,0.16,0.06
0.841,0.3,0.0,0.9999999999999998,0.159,0.06
0.842,0.3,0.0,0.9999999999999998,0.158,0.06
0.843,0.3,0.0,0.9999999999999998,0.157,0.06
0.844,0.3,0.0,0.9999999999999998,0.156,0.06
0.845,0.3,0.0,0.9999999999999998,0.155,0.06
0.846,0.3,0.0,0.9999999999999998,0.154,0.06
0.847,0.3,0.0,0.9999999999999998,0.153,0.06
0.848,0.3,0.0,0.9999999999999998,0.152,0.06
0.849,0.3,0.0,0.9999999999999998,0.151,0.06
0.85,0.3,0.0,0.9999999999999998,0.15,0.06
0.851,0.3,0.0,0.9999999999999998,0.149,0.06
0.852,0.3,0.0,0.9999999999999998,0.148,0.06
0.853,0.3,0.0,0.9999999999999998,0.147,0.06
0.854,0.3,0.0,0.9999999999999998,0.146,0.06
0.855,0.3,0.0,0.9999999999999998,0.145,0.06
0.856,0.3,0.0,0.9999999999999998,0.144,0.06
0.857,0.3,0.0,0.9999999999999998,0.143,0.06
0.858,0.3,0.0,0.9999999999999998,0.142,0.06
0.859,0.3,0.0,0.9999999999999998,0.141,0.06
0.86,0.3,0.0,0.9999999999999998,0.13999999999999999,0.06
0.861,0.3,0.0,0.9999999999999998,0.13899999999999998,0.06
0.862,0.3,0.0,0.9999999999999998,0.13799999999999998,0.06
0.863,0.3,0.0,0.9999999999999998,0.13699999999999998,0.06
0.864,0.3,0.0,0.9999999999999998,0.13599999999999998,0.06
0.865,0.3,0.0,0.9999999999999998,0.13499999999999998,0.06
0.866,0.3,0.0,0.9999999999999998,0.13399999999999998,0.06
0.867,0.3,0.0,0.9999999999999998,0.13299999999999998,0.06
0.868,0.3,0.0,0.9999999999999998,0.13199999999999998,0.06
0.869,0.3,0.0,0.9999999999999998,0.13099999999999998,0.06
0.87,0.3,0.0,0.9999999999999998,0.12999999999999998,0.06
0.871,0.3,0.0,0.9999999999999998,0.12899999999999998,0.06
0.872,0.3,0.0,0.9999999999999998,0.12799999999999997,0.06
0.873,0.3,0.0,0.9999999999999998,0.12699999999999997,0.06
0.874,0.3,0.0,0.9999999999999998,0.12599999999999997,0.06
0.875,0.3,0.0,0.9999999999999998,0.12499999999999997,0.06
0.876,0.3,0.0,0.9999999999999998,0.12399999999999997,0.06
0.877,0.3,0.0,0.9999999999999998,0.12299999999999997,0.06
0.878,0.3,0.0,0.9999999999999998,0.12199999999999997,0.06
0.879,0.3,0.0,0.9999999999999998,0.12099999999999997,0.06
0.88,0.3,0.0,0.9999999999999998,0.11999999999999997,0.06
0.881,0.3,0.0,0.9999999999999998,0.11899999999999997,0.06
0.882,0.3,0.0,0.9999999999999998,0.11799999999999997,0.06
0.883,0.3,0.0,0.9999999999999998,0.11699999999999997,0.06
0.884,0.3,0.0,0.9999999999999998,0.11599999999999996,0.06
0.885,0.3,0.0,0.9999999999999998,0.11499999999999996,0.06
0.886,0.3,0.0,0.9999999999999998,0.11399999999999996,0.06
0.887,0.3,0.0,0.9999999999999998,0.11299999999999996,0.06
0.888,0.3,0.0,0.9999999999999998,0.11199999999999996,0.06
0.889,0.3,0.0,0.9999999999999998,0.11099999999999996,0.06
0.89,0.3,0.0,0.9999999999999998,0.10999999999999996,0.06
0.891,0.3,0.0,0.9999999999999998,0.10899999999999996,0.06
0.892,0.3,0.0,0.9999999999999998,0.10799999999999996,0.06
0.893,0.3,0.0,0.9999999999999998,0.10699999999999996,0.06
0.894,0.3,0.0,0.9999999999999998,0.10599999999999996,0.06
0.895,0.3,0.0,0.9999999999999998,0.10499999999999995,0.06
0.896,0.3,0.0,0.9999999999999998,0.10399999999999995,0.06
0.897,0.3,0.0,0.9999999999999998,0.10299999999999995,0.06
0.898,0.3,0.0,0.9999999999999998,0.10199999999999995,0.06
0.899,0.3,0.0,0.9999999999999998,0.10099999999999995,0.06
0.9,0.3,0.0,0.9999999999999998,0.09999999999999995,0.06
0.901,0.3,0.0,0.9999999999999998,0.09899999999999995,0.06
0.902,0.3,0.0,0.9999999999999998,0.09799999999999995,0.06
0.903,0.3,0.0,0.9999999999999998,0.09699999999999995,0.06
0.904,0.3,0.0,0.9999999999999998,0.09599999999999995,0.06
0.905,0.3,0.0,0.9999999999999998,0.09499999999999995,0.06
0.906,0.3,0.0,0.9999999999999998,0.09399999999999994,0.06
0.907,0.3,0.0,0.9999999999999998,0.09299999999999996,0.06
0.908,0.3,0.0,0.9999999999999998,0.09199999999999996,0.06
0.909,0.3,0.0,0.9999999999999998,0.09099999999999996,0.06
0.91,0.3,0.0,0.9999999999999998,0.08999999999999996,0.06
0.911,0.3,0.0,0.9999999999999998,0.08899999999999995,0.06
0.912,0.3,0.0,0.9999999999999998,0.08799999999999995,0.06
0.913,0.3,0.0,0.9999999999999998,0.08699999999999995,0.06
0.914,0.3,0.0,0.9999999999999998,0.08599999999999995,0.06
0.915,0.3,0.0,0.9999999999999998,0.08499999999999995,0.06
0.916,0.3,0.0,0.9999999999999998,0.08399999999999995,0.06
0.917,0.3,0.0,0.9999999999999998,0.08299999999999995,0.06
0.918,0.3,0.0,0.9999999999999998,0.08199999999999995,0.06
0.919,0.3,0.0,0.9999999999999998,0.08099999999999995,0.06
0.92,0.3,0.0,0.9999999999999998,0.07999999999999995,0.06
0.921,0.3,0.0,0.9999999999999998,0.07899999999999995,0.06
0.922,0.3,0.0,0.9999999999999998,0.07799999999999994,0.06
0.923,0.3,0.0,0.9999999999999998,0.07699999999999994,0.06
0.924,0.3,0.0,0.9999999999999998,0.07599999999999994,0.06
0.925,0.3,0.0,0.9999999999999998,0.07499999999999994,0.06
0.926,0.3,0.0,0.9999999999999998,0.07399999999999994,0.06
0.927,0.3,0.0,0.9999999999999998,0.07299999999999994,0.06
0.928,0.3,0.0,0.9999999999999998,0.07199999999999994,0.06
0.929,0.3,0.0,0.9999999999999998,0.07099999999999994,0.06
0.93,0.3,0.0,0.9999999999999998,0.06999999999999994,0.06
0.931,0.3,0.0,0.9999999999999998,0.06899999999999994,0.06
0.932,0.3,0.0,0.9999999999999998,0.06799999999999994,0.06
0.933,0.3,0.0,0.9999999999999998,0.06699999999999993,0.06
0.934,0.3,0.0,0.9999999999999998,0.06599999999999993,0.06
0.935,0.3,0.0,0.9999999999999998,0.06499999999999993,0.06
0.936,0.3,0.0,0.9999999999999998,0.06399999999999993,0.06
0.937,0.3,0.0,0.9999999999999998,0.06299999999999993,0.06
0.9380000000000001,0.3,0.0,0.9999999999999998,0.06199999999999993,0.06
0.9390000000000001,0.3,0.0,0.9999999999999998,0.06099999999999993,0.06
0.9400000000000001,0.3,0.0,0.9999999999999998,0.05999999999999993,0.06
0.9410000000000001,0.3,0.0,0.9999999999999998,0.05899999999999993,0.06
0.9420000000000001,0.3,0.0,0.9999999999999998,0.05799999999999993,0.06
0.9430000000000001,0.3,0.0,0.9999999999999998,0.056999999999999926,0.06
0.9440000000000001,0.3,0.0,0.9999999999999998,0.055999999999999925,0.06
0.9450000000000001,0.3,0.0,0.9999999999999998,0.054999999999999924,0.06
0.9460000000000001,0.3,0.0,0.9999999999999998,0.05399999999999992,0.06
0.9470000000000001,0.3,0.0,0.9999999999999998,0.05299999999999992,0.06
0.9480000000000001,0.3,0.0,0.9999999999999998,0.05199999999999992,0.06
0.9490000000000001,0.3,0.0,0.9999999999999998,0.05099999999999992,0.06
0.9500000000000001,0.3,0.0,0.9999999999999998,0.04999999999999992,0.06
0.9510000000000001,0.3,0.0,0.9999999999999998,0.04899999999999992,0.06
0.9520000000000001,0.3,0.0,0.9999999999999998,0.04799999999999992,0.06
0.9530000000000001,0.3,0.0,0.9999999999999998,0.04699999999999992,0.06
0.9540000000000001,0.3,0.0,0.9999999999999998,0.04599999999999992,0.06
0.9550000000000001,0.3,0.0,0.9999999999999998,0.04499999999999992,0.06
0.9560000000000001,0.3,0.0,0.9999999999999998,0.04399999999999992,0.06
0.9570000000000001,0.3,0.0,0.9999999999999998,0.04299999999999992,0.06
0.9580000000000001,0.3,0.0,0.9999999999999998,0.04199999999999992,0.06
0.9590000000000001,0.3,0.0,0.9999999999999998,0.04099999999999992,0.06
0.96,0.3,0.0,0.9999999999999998,0.04000000000000003,0.06
0.961,0.3,0.0,0.9999999999999998,0.03900000000000003,0.06
0.962,0.3,0.0,0.9999999999999998,0.03800000000000003,0.06
0.963,0.3,0.0,0.9999999999999998,0.037000000000000026,0.06
0.964,0.3,0.0,0.9999999999999998,0.036000000000000025,0.06
0.965,0.3,0.0,0.9999999999999998,0.035000000000000024,0.06
0.966,0.3,0.0,0.9999999999999998,0.03400000000000002,0.06
0.967,0.3,0.0,0.9999999999999998,0.03300000000000002,0.06
0.968,0.3,0.0,0.9999999999999998,0.03200000000000002,0.06
0.969,0.3,0.0,0.9999999999999998,0.03100000000000002,0.06
0.97,0.3,0.0,0.9999999999999998,0.03000000000000002,0.06
0.971,0.3,0.0,0.9999999999999998,0.02900000000000002,0.06
0.972,0.3,0.0,0.9999999999999998,0.028000000000000018,0.06
0.973,0.3,0.0,0.9999999999999998,0.027000000000000017,0.06
0.974,0.3,0.0,0.9999999999999998,0.026000000000000016,0.06
0.975,0.3,0.0,0.9999999999999998,0.025000000000000015,0.06
0.976,0.3,0.0,0.9999999999999998,0.024000000000000014,0.06
0.977,0.3,0.0,0.9999999999999998,0.023000000000000017,0.06
0.978,0.3,0.0,0.9999999999999998,0.022000000000000016,0.06
0.979,0.3,0.0,0.9999999999999998,0.021000000000000015,0.06
0.98,0.3,0.0,0.9999999999999998,0.020000000000000014,0.06
0.981,0.3,0.0,0.9999999999999998,0.019000000000000013,0.06
0.982,0.3,0.0,0.9999999999999998,0.018000000000000013,0.06
0.983,0.3,0.0,0.9999999999999998,0.01700000000000001,0.06
0.984,0.3,0.0,0.9999999999999998,0.01600000000000001,0.06
0.985,0.3,0.0,0.9999999999999998,0.01500000000000001,0.06
0.986,0.3,0.0,0.9999999999999998,0.014000000000000009,0.06
0.987,0.3,0.0,0.9999999999999998,0.013000000000000008,0.06
0.988,0.3,0.0,0.9999999999999998,0.012000000000000007,0.06
0.989,0.3,0.0,0.9999999999999998,0.011000000000000008,0.06
0.99,0.3,0.0,0.9999999999999998,0.010000000000000007,0.06
0.991,0.3,0.0,0.9999999999999998,0.009000000000000006,0.06
0.992,0.3,0.0,0.9999999999999998,0.008000000000000005,0.06
0.993,0.3,0.0,0.9999999999999998,0.0070000000000000045,0.06
0.994,0.3,0.0,0.9999999999999998,0.006000000000000004,0.06
0.995,0.3,0.0,0.9999999999999998,0.005000000000000004,0.06
0.996,0.3,0.0,0.9999999999999998,0.004000000000000003,0.06
0.997,0.3,0.0,0.9999999999999998,0.003000000000000002,0.06
0.998,0.3,0.0,0.9999999999999998,0.0020000000000000013,0.06
0.999,0.3,0.0,0.9999999999999998,0.0010000000000000007,0.06
1.0,0.3,0.0,0.9999999999999998,0.0,0.06
