adhesivity,particle_size,n
1.0,0.03,0.01
1.0,0.04,0.01
1.0,0.05,0.01
1.0,0.06,0.01
1.0,0.07,0.01
1.0,0.08,0.01
1.0,0.09,0.01
1.0,0.1,0.01
1.0,0.03,0.02
1.0,0.04,0.02
1.0,0.05,0.02
1.0,0.06,0.02
1.0,0.07,0.02
1.0,0.08,0.02
1.0,0.09,0.02
1.0,0.1,0.02
1.0,0.03,0.03
1.0,0.04,0.03
1.0,0.05,0.03
1.0,0.06,0.03
1.0,0.07,0.03
1.0,0.08,0.03
1.0,0.09,0.03
1.0,0.1,0.03
1.0,0.03,0.04
1.0,0.04,0.04
1.0,0.05,0.04
1.0,0.06,0.04
1.0,0.07,0.04
1.0,0.08,0.04
1.0,0.09,0.04
1.0,0.1,0.04
1.0,0.03,0.05
1.0,0.04,0.05
1.0,0.05,0.05
1.0,0.06,0.05
1.0,0.07,0.05
1.0,0.08,0.05
1.0,0.09,0.05
1.0,0.1,0.05
1.0,0.03,0.06
1.0,0.04,0.06
1.0,0.05,0.06
1.0,0.06,0.06
1.0,0.07,0.06
1.0,0.08,0.06
1.0,0.09,0.06
1.0,0.1,0.06
1.0,0.03,0.07
1.0,0.04,0.07
1.0,0.05,0.07
1.0,0.06,0.07
1.0,0.07,0.07
1.0,0.08,0.07
1.0,0.09,0.07
1.0,0.1,0.07
1.0,0.03,0.08
1.0,0.04,0.08
1.0,0.05,0.08
1.0,0.06,0.08
1.0,0.07,0.08
1.0,0.08,0.08
1.0,0.09,0.08
1.0,0.1,0.08
1.0,0.03,0.09
1.0,0.04,0.09
1.0,0.05,0.09
1.0,0.06,0.09
1.0,0.07,0.09
1.0,0.08,0.09
1.0,0.09,0.09
1.0,0.1,0.09
1.0,0.03,0.1
1.0,0.04,0.1
1.0,0.05,0.1
1.0,0.06,0.1
1.0,0.07,0.1
1.0,0.08,0.1
1.0,0.09,0.1
1.0,0.1,0.1
1.0,0.03,0.11
1.0,0.04,0.11
1.0,0.05,0.11
1.0,0.06,0.11
1.0,0.07,0.11
1.0,0.08,0.11
1.0,0.09,0.11
1.0,0.1,0.11
1.0,0.03,0.12
1.0,0.04,0.12
1.0,0.05,0.12
1.0,0.06,0.12
1.0,0.07,0.12
1.0,0.08,0.12
1.0,0.09,0.12
1.0,0.1,0.12
1.0,0.03,0.13
1.0,0.04,0.13
1.0,0.05,0.13
1.0,0.06,0.13
1.0,0.07,0.13
1.0,0.08,0.13
1.0,0.09,0.13
1.0,0.1,0.13
1.0,0.03,0.14
1.0,0.04,0.14
1.0,0.05,0.14
1.0,0.06,0.14
1.0,0.07,0.14
1.0,0.08,0.14
1.0,0.09,0.14
1.0,0.1,0.14
1.0,0.03,0.15
1.0,0.04,0.15
1.0,0.05,0.15
1.0,0.06,0.15
1.0,0.07,0.15
1.0,0.08,0.15
1.0,0.09,0.15
1.0,0.1,0.15
1.0,0.03,0.16
1.0,0.04,0.16
1.0,0.05,0.16
1.0,0.06,0.16
1.0,0.07,0.16
1.0,0.08,0.16
1.0,0.09,0.16
1.0,0.1,0.16
1.0,0.03,0.17
1.0,0.04,0.17
1.0,0.05,0.17
1.0,0.06,0.17
1.0,0.07,0.17
1.0,0.08,0.17
1.0,0.09,0.17
1.0,0.1,0.17
1.0,0.03,0.18
1.0,0.04,0.18
1.0,0.05,0.18
1.0,0.06,0.18
1.0,0.07,0.18
1.0,0.08,0.18
1.0,0.09,0.18
1.0,0.1,0.18
1.0,0.03,0.19
1.0,0.04,0.19
1.0,0.05,0.19
1.0,0.06,0.19
1.0,0.07,0.19
1.0,0.08,0.19
1.0,0.09,0.19
1.0,0.1,0.19
1.0,0.03,0.2
1.0,0.04,0.2
1.0,0.05,0.2
1.0,0.06,0.2
1.0,0.07,0.2
1.0,0.08,0.2
1.0,0.09,0.2
1.0,0.1,0.2
1.0,0.03,0.21
1.0,0.04,0.21
1.0,0.05,0.21
1.0,0.06,0.21
1.0,0.07,0.21
1.0,0.08,0.21
1.0,0.09,0.21
1.0,0.1,0.21
1.0,0.03,0.22
1.0,0.04,0.22
1.0,0.05,0.22
1.0,0.06,0.22
1.0,0.07,0.22
1.0,0.08,0.22
1.0,0.09,0.22
1.0,0.1,0.22
1.0,0.03,0.23
1.0,0.04,0.23
1.0,0.05,0.23
1.0,0.06,0.23
1.0,0.07,0.23
1.0,0.08,0.23
1.0,0.09,0.23
1.0,0.1,0.23
1.0,0.03,0.24
1.0,0.04,0.24
1.0,0.05,0.24
1.0,0.06,0.24
1.0,0.07,0.24
1.0,0.08,0.24
1.0,0.09,0.24
1.0,0.1,0.24
1.0,0.03,0.25
1.0,0.04,0.25
1.0,0.05,0.25
1.0,0.06,0.25
1.0,0.07,0.25
1.0,0.08,0.25
1.0,0.09,0.25
1.0,0.1,0.25
1.0,0.03,0.26
1.0,0.04,0.26
1.0,0.05,0.26
1.0,0.06,0.26
1.0,0.07,0.26
1.0,0.08,0.26
1.0,0.09,0.26
1.0,0.1,0.26
1.0,0.03,0.27
1.0,0.04,0.27
1.0,0.05,0.27
1.0,0.06,0.27
1.0,0.07,0.27
1.0,0.08,0.27
1.0,0.09,0.27
1.0,0.1,0.27
1.0,0.03,0.28
1.0,0.04,0.28
1.0,0.05,0.28
1.0,0.06,0.28
1.0,0.07,0.28
1.0,0.08,0.28
1.0,0.09,0.28
1.0,0.1,0.28
1.0,0.03,0.29
1.0,0.04,0.29
1.0,0.05,0.29
1.0,0.06,0.29
1.0,0.07,0.29
1.0,0.08,0.29
1.0,0.09,0.29
1.0,0.1,0.29
1.0,0.03,0.3
1.0,0.04,0.3
1.0,0.05,0.3
1.0,0.06,0.3
1.0,0.07,0.3
1.0,0.08,0.3
1.0,0.09,0.3
1.0,0.1,0.3
1.0,0.03,0.31
1.0,0.04,0.31
1.0,0.05,0.31
1.0,0.06,0.31
1.0,0.07,0.31
1.0,0.08,0.31
1.0,0.09,0.31
1.0,0.1,0.31
1.0,0.03,0.32
1.0,0.04,0.32
1.0,0.05,0.32
1.0,0.06,0.32
1.0,0.07,0.32
1.0,0.08,0.32
1.0,0.09,0.32
1.0,0.1,0.32
1.0,0.03,0.33
1.0,0.04,0.33
1.0,0.05,0.33
1.0,0.06,0.33
0.95,0.07,0.33
0.95,0.08,0.33
0.95,0.09,0.33
0.95,0.1,0.33
1.0,0.03,0.34
0.95,0.04,0.34
0.95,0.05,0.34
0.95,0.06,0.34
0.95,0.07,0.34
0.95,0.08,0.34
0.95,0.09,0.34
0.95,0.1,0.34
0.95,0.03,0.35
0.95,0.04,0.35
0.95,0.05,0.35
0.95,0.06,0.35
0.95,0.07,0.35
0.95,0.08,0.35
0.9,0.09,0.35
0.9,0.1,0.35
0.95,0.03,0.36
0.95,0.04,0.36
0.9,0.05,0.36
0.9,0.06,0.36
0.9,0.07,0.36
0.9,0.08,0.36
0.9,0.09,0.36
0.9,0.1,0.36
0.9,0.03,0.37
0.9,0.04,0.37
0.9,0.05,0.37
0.9,0.06,0.37
0.9,0.07,0.37
0.9,0.08,0.37
0.9,0.09,0.37
0.9,0.1,0.37
0.9,0.03,0.38
0.9,0.04,0.38
0.9,0.05,0.38
0.9,0.06,0.38
0.85,0.07,0.38
0.85,0.08,0.38
0.85,0.09,0.38
0.85,0.1,0.38
0.85,0.03,0.39
0.85,0.04,0.39
0.85,0.05,0.39
0.85,0.06,0.39
0.85,0.07,0.39
0.85,0.08,0.39
0.85,0.09,0.39
0.85,0.1,0.39
0.85,0.03,0.4
0.85,0.04,0.4
0.85,0.05,0.4
0.85,0.06,0.4
0.85,0.07,0.4
0.85,0.08,0.4
0.85,0.09,0.4
0.8,0.1,0.4
0.85,0.03,0.41
0.85,0.04,0.41
0.85,0.05,0.41
0.8,0.06,0.41
0.8,0.07,0.41
0.8,0.08,0.41
0.8,0.09,0.41
0.8,0.1,0.41
0.8,0.03,0.42
0.8,0.04,0.42
0.8,0.05,0.42
0.8,0.06,0.42
0.8,0.07,0.42
0.8,0.08,0.42
0.8,0.09,0.42
0.8,0.1,0.42
0.8,0.03,0.43
0.8,0.04,0.43
0.8,0.05,0.43
0.8,0.06,0.43
0.8,0.07,0.43
0.8,0.08,0.43
0.75,0.09,0.43
0.75,0.1,0.43
0.8,0.03,0.44
0.8,0.04,0.44
0.8,0.05,0.44
0.75,0.06,0.44
0.75,0.07,0.44
0.75,0.08,0.44
0.75,0.09,0.44
0.75,0.1,0.44
0.8,0.03,0.45
0.75,0.04,0.45
0.75,0.05,0.45
0.75,0.06,0.45
0.75,0.07,0.45
0.75,0.08,0.45
0.75,0.09,0.45
0.75,0.1,0.45
0.8,0.03,0.46
0.75,0.04,0.46
0.75,0.05,0.46
0.75,0.06,0.46
0.75,0.07,0.46
0.75,0.08,0.46
0.75,0.09,0.46
0.7,0.1,0.46
0.8,0.03,0.47
0.75,0.04,0.47
0.75,0.05,0.47
0.7,0.06,0.47
0.7,0.07,0.47
0.7,0.08,0.47
0.7,0.09,0.47
0.7,0.1,0.47
0.8,0.03,0.48
0.7,0.04,0.48
0.7,0.05,0.48
0.7,0.06,0.48
0.7,0.07,0.48
0.7,0.08,0.48
0.7,0.09,0.48
0.7,0.1,0.48
0.8,0.03,0.49
0.7,0.04,0.49
0.7,0.05,0.49
0.7,0.06,0.49
0.7,0.07,0.49
0.7,0.08,0.49
0.7,0.09,0.49
0.7,0.1,0.49
0.8,0.03,0.5
0.7,0.04,0.5
0.7,0.05,0.5
0.7,0.06,0.5
0.65,0.07,0.5
0.65,0.08,0.5
0.65,0.09,0.5
0.65,0.1,0.5
0.8,0.03,0.51
0.65,0.04,0.51
0.65,0.05,0.51
0.65,0.06,0.51
0.65,0.07,0.51
0.65,0.08,0.51
0.65,0.09,0.51
0.65,0.1,0.51
0.75,0.03,0.52
0.65,0.04,0.52
0.65,0.05,0.52
0.65,0.06,0.52
0.65,0.07,0.52
0.65,0.08,0.52
0.65,0.09,0.52
0.65,0.1,0.52
0.75,0.03,0.53
0.65,0.04,0.53
0.65,0.05,0.53
0.65,0.06,0.53
0.65,0.07,0.53
0.65,0.08,0.53
0.65,0.09,0.53
0.6,0.1,0.53
0.75,0.03,0.54
0.65,0.04,0.54
0.6,0.05,0.54
0.6,0.06,0.54
0.6,0.07,0.54
0.6,0.08,0.54
0.6,0.09,0.54
0.6,0.1,0.54
0.75,0.03,0.55
0.6,0.04,0.55
0.6,0.05,0.55
0.6,0.06,0.55
0.6,0.07,0.55
0.6,0.08,0.55
0.6,0.09,0.55
0.6,0.1,0.55
0.75,0.03,0.56
0.6,0.04,0.56
0.6,0.05,0.56
0.6,0.06,0.56
0.6,0.07,0.56
0.6,0.08,0.56
0.6,0.09,0.56
0.6,0.1,0.56
0.75,0.03,0.57
0.6,0.04,0.57
0.6,0.05,0.57
0.6,0.06,0.57
0.6,0.07,0.57
0.55,0.08,0.57
0.55,0.09,0.57
0.55,0.1,0.57
0.75,0.03,0.58
0.6,0.04,0.58
0.55,0.05,0.58
0.55,0.06,0.58
0.55,0.07,0.58
0.55,0.08,0.58
0.55,0.09,0.58
0.55,0.1,0.58
0.75,0.03,0.59
0.6,0.04,0.59
0.55,0.05,0.59
0.55,0.06,0.59
0.55,0.07,0.59
0.55,0.08,0.59
0.55,0.09,0.59
0.55,0.1,0.59
0.75,0.03,0.6
0.6,0.04,0.6
0.55,0.05,0.6
0.55,0.06,0.6
0.55,0.07,0.6
0.55,0.08,0.6
0.55,0.09,0.6
0.55,0.1,0.6
0.75,0.03,0.61
0.6,0.04,0.61
0.55,0.05,0.61
0.55,0.06,0.61
0.55,0.07,0.61
0.5,0.08,0.61
0.5,0.09,0.61
0.5,0.1,0.61
0.75,0.03,0.62
0.6,0.04,0.62
0.5,0.05,0.62
0.5,0.06,0.62
0.5,0.07,0.62
0.5,0.08,0.62
0.5,0.09,0.62
0.5,0.1,0.62
0.75,0.03,0.63
0.6,0.04,0.63
0.5,0.05,0.63
0.5,0.06,0.63
0.5,0.07,0.63
0.5,0.08,0.63
0.5,0.09,0.63
0.5,0.1,0.63
0.75,0.03,0.64
0.6,0.04,0.64
0.5,0.05,0.64
0.5,0.06,0.64
0.5,0.07,0.64
0.5,0.08,0.64
0.5,0.09,0.64
0.5,0.1,0.64
0.75,0.03,0.65
0.6,0.04,0.65
0.5,0.05,0.65
0.5,0.06,0.65
0.5,0.07,0.65
0.5,0.08,0.65
0.45,0.09,0.65
0.45,0.1,0.65
0.75,0.03,0.66
0.6,0.04,0.66
0.5,0.05,0.66
0.45,0.06,0.66
0.45,0.07,0.66
0.45,0.08,0.66
0.45,0.09,0.66
0.45,0.1,0.66
0.75,0.03,0.67
0.6,0.04,0.67
0.5,0.05,0.67
0.45,0.06,0.67
0.45,0.07,0.67
0.45,0.08,0.67
0.45,0.09,0.67
0.45,0.1,0.67
0.75,0.03,0.68
0.6,0.04,0.68
0.5,0.05,0.68
0.45,0.06,0.68
0.45,0.07,0.68
0.45,0.08,0.68
0.45,0.09,0.68
0.45,0.1,0.68
0.75,0.03,0.69
0.6,0.04,0.69
0.5,0.05,0.69
0.45,0.06,0.69
0.45,0.07,0.69
0.45,0.08,0.69
0.45,0.09,0.69
0.45,0.1,0.69
0.75,0.03,0.7
0.6,0.04,0.7
0.5,0.05,0.7
0.45,0.06,0.7
0.4,0.07,0.7
0.4,0.08,0.7
0.4,0.09,0.7
0.4,0.1,0.7
0.75,0.03,0.71
0.6,0.04,0.71
0.5,0.05,0.71
0.45,0.06,0.71
0.4,0.07,0.71
0.4,0.08,0.71
0.4,0.09,0.71
0.4,0.1,0.71
0.75,0.03,0.72
0.6,0.04,0.72
0.5,0.05,0.72
0.45,0.06,0.72
0.4,0.07,0.72
0.4,0.08,0.72
0.4,0.09,0.72
0.4,0.1,0.72
0.75,0.03,0.73
0.6,0.04,0.73
0.5,0.05,0.73
0.45,0.06,0.73
0.4,0.07,0.73
0.4,0.08,0.73
0.4,0.09,0.73
0.4,0.1,0.73
0.75,0.03,0.74
0.6,0.04,0.74
0.5,0.05,0.74
0.45,0.06,0.74
0.4,0.07,0.74
0.4,0.08,0.74
0.35,0.09,0.74
0.35,0.1,0.74
0.75,0.03,0.75
0.6,0.04,0.75
0.5,0.05,0.75
0.45,0.06,0.75
0.4,0.07,0.75
0.35,0.08,0.75
0.35,0.09,0.75
0.35,0.1,0.75
0.7,0.03,0.76
0.6,0.04,0.76
0.5,0.05,0.76
0.45,0.06,0.76
0.4,0.07,0.76
0.35,0.08,0.76
0.35,0.09,0.76
0.35,0.1,0.76
0.7,0.03,0.77
0.6,0.04,0.77
0.5,0.05,0.77
0.4,0.06,0.77
0.35,0.07,0.77
0.35,0.08,0.77
0.35,0.09,0.77
0.35,0.1,0.77
0.7,0.03,0.78
0.6,0.04,0.78
0.5,0.05,0.78
0.4,0.06,0.78
0.35,0.07,0.78
0.35,0.08,0.78
0.35,0.09,0.78
0.35,0.1,0.78
0.7,0.03,0.79
0.6,0.04,0.79
0.5,0.05,0.79
0.4,0.06,0.79
0.35,0.07,0.79
0.35,0.08,0.79
0.3,0.09,0.79
0.3,0.1,0.79
0.7,0.03,0.8
0.6,0.04,0.8
0.5,0.05,0.8
0.4,0.06,0.8
0.35,0.07,0.8
0.35,0.08,0.8
0.3,0.09,0.8
0.3,0.1,0.8
0.7,0.03,0.81
0.6,0.04,0.81
0.5,0.05,0.81
0.4,0.06,0.81
0.35,0.07,0.81
0.35,0.08,0.81
0.3,0.09,0.81
0.3,0.1,0.81
0.7,0.03,0.82
0.6,0.04,0.82
0.5,0.05,0.82
0.4,0.06,0.82
0.35,0.07,0.82
0.35,0.08,0.82
0.3,0.09,0.82
0.3,0.1,0.82
0.7,0.03,0.83
0.6,0.04,0.83
0.5,0.05,0.83
0.4,0.06,0.83
0.35,0.07,0.83
0.35,0.08,0.83
0.3,0.09,0.83
0.3,0.1,0.83
0.7,0.03,0.84
0.6,0.04,0.84
0.5,0.05,0.84
0.4,0.06,0.84
0.35,0.07,0.84
0.35,0.08,0.84
0.3,0.09,0.84
0.3,0.1,0.84
0.7,0.03,0.85
0.6,0.04,0.85
0.5,0.05,0.85
0.4,0.06,0.85
0.35,0.07,0.85
0.3,0.08,0.85
0.3,0.09,0.85
0.3,0.1,0.85
0.7,0.03,0.86
0.6,0.04,0.86
0.5,0.05,0.86
0.4,0.06,0.86
0.35,0.07,0.86
0.3,0.08,0.86
0.3,0.09,0.86
0.3,0.1,0.86
0.7,0.03,0.87
0.6,0.04,0.87
0.5,0.05,0.87
0.4,0.06,0.87
0.35,0.07,0.87
0.3,0.08,0.87
0.3,0.09,0.87
0.3,0.1,0.87
0.65,0.03,0.88
0.6,0.04,0.88
0.5,0.05,0.88
0.4,0.06,0.88
0.35,0.07,0.88
0.3,0.08,0.88
0.3,0.09,0.88
0.3,0.1,0.88
0.65,0.03,0.89
0.6,0.04,0.89
0.5,0.05,0.89
0.4,0.06,0.89
0.35,0.07,0.89
0.3,0.08,0.89
0.3,0.09,0.89
0.3,0.1,0.89
0.65,0.03,0.9
0.55,0.04,0.9
0.5,0.05,0.9
0.4,0.06,0.9
0.35,0.07,0.9
0.3,0.08,0.9
0.3,0.09,0.9
0.3,0.1,0.9
0.65,0.03,0.91
0.55,0.04,0.91
0.5,0.05,0.91
0.4,0.06,0.91
0.35,0.07,0.91
0.3,0.08,0.91
0.3,0.09,0.91
0.3,0.1,0.91
0.65,0.03,0.92
0.55,0.04,0.92
0.45,0.05,0.92
0.4,0.06,0.92
0.35,0.07,0.92
0.3,0.08,0.92
0.3,0.09,0.92
0.3,0.1,0.92
0.65,0.03,0.93
0.55,0.04,0.93
0.45,0.05,0.93
0.4,0.06,0.93
0.35,0.07,0.93
0.3,0.08,0.93
0.3,0.09,0.93
0.3,0.1,0.93
0.65,0.03,0.94
0.55,0.04,0.94
0.45,0.05,0.94
0.4,0.06,0.94
0.35,0.07,0.94
0.3,0.08,0.94
0.3,0.09,0.94
0.3,0.1,0.94
0.65,0.03,0.95
0.55,0.04,0.95
0.45,0.05,0.95
0.4,0.06,0.95
0.35,0.07,0.95
0.3,0.08,0.95
0.3,0.09,0.95
0.3,0.1,0.95
0.65,0.03,0.96
0.55,0.04,0.96
0.45,0.05,0.96
0.4,0.06,0.96
0.35,0.07,0.96
0.3,0.08,0.96
0.3,0.09,0.96
0.3,0.1,0.96
0.65,0.03,0.97
0.55,0.04,0.97
0.45,0.05,0.97
0.4,0.06,0.97
0.35,0.07,0.97
0.3,0.08,0.97
0.3,0.09,0.97
0.3,0.1,0.97
0.65,0.03,0.98
0.55,0.04,0.98
0.45,0.05,0.98
0.4,0.06,0.98
0.35,0.07,0.98
0.3,0.08,0.98
0.3,0.09,0.98
0.3,0.1,0.98
0.65,0.03,0.99
0.55,0.04,0.99
0.45,0.05,0.99
0.4,0.06,0.99
0.35,0.07,0.99
0.3,0.08,0.99
0.3,0.09,0.99
0.3,0.1,0.99
0.65,0.03,1.0
0.55,0.04,1.0
0.45,0.05,1.0
0.4,0.06,1.0
0.35,0.07,1.0
0.3,0.08,1.0
0.3,0.09,1.0
0.3,0.1,1.0
0.6,0.03,1.01
0.55,0.04,1.01
0.45,0.05,1.01
0.4,0.06,1.01
0.35,0.07,1.01
0.3,0.08,1.01
0.3,0.09,1.01
0.3,0.1,1.01
0.6,0.03,1.02
0.55,0.04,1.02
0.45,0.05,1.02
0.4,0.06,1.02
0.35,0.07,1.02
0.3,0.08,1.02
0.3,0.09,1.02
0.3,0.1,1.02
0.6,0.03,1.03
0.55,0.04,1.03
0.45,0.05,1.03
0.4,0.06,1.03
0.35,0.07,1.03
0.3,0.08,1.03
0.3,0.09,1.03
0.3,0.1,1.03
0.6,0.03,1.04
0.5,0.04,1.04
0.45,0.05,1.04
0.4,0.06,1.04
0.35,0.07,1.04
0.3,0.08,1.04
0.3,0.09,1.04
0.3,0.1,1.04
0.6,0.03,1.05
0.5,0.04,1.05
0.45,0.05,1.05
0.4,0.06,1.05
0.35,0.07,1.05
0.3,0.08,1.05
0.3,0.09,1.05
0.3,0.1,1.05
0.6,0.03,1.06
0.5,0.04,1.06
0.45,0.05,1.06
0.4,0.06,1.06
0.35,0.07,1.06
0.3,0.08,1.06
0.3,0.09,1.06
0.3,0.1,1.06
0.6,0.03,1.07
0.5,0.04,1.07
0.45,0.05,1.07
0.4,0.06,1.07
0.35,0.07,1.07
0.3,0.08,1.07
0.3,0.09,1.07
0.3,0.1,1.07
0.6,0.03,1.08
0.5,0.04,1.08
0.45,0.05,1.08
0.4,0.06,1.08
0.35,0.07,1.08
0.3,0.08,1.08
0.3,0.09,1.08
0.3,0.1,1.08
0.6,0.03,1.09
0.5,0.04,1.09
0.45,0.05,1.09
0.4,0.06,1.09
0.35,0.07,1.09
0.3,0.08,1.09
0.3,0.09,1.09
0.3,0.1,1.09
0.6,0.03,1.1
0.5,0.04,1.1
0.45,0.05,1.1
0.4,0.06,1.1
0.35,0.07,1.1
0.3,0.08,1.1
0.3,0.09,1.1
0.3,0.1,1.1
0.6,0.03,1.11
0.5,0.04,1.11
0.45,0.05,1.11
0.4,0.06,1.11
0.35,0.07,1.11
0.3,0.08,1.11
0.3,0.09,1.11
0.3,0.1,1.11
0.6,0.03,1.12
0.5,0.04,1.12
0.45,0.05,1.12
0.4,0.06,1.12
0.35,0.07,1.12
0.3,0.08,1.12
0.3,0.09,1.12
0.3,0.1,1.12
0.6,0.03,1.13
0.5,0.04,1.13
0.45,0.05,1.13
0.4,0.06,1.13
0.35,0.07,1.13
0.3,0.08,1.13
0.3,0.09,1.13
0.3,0.1,1.13
0.6,0.03,1.14
0.5,0.04,1.14
0.45,0.05,1.14
0.4,0.06,1.14
0.35,0.07,1.14
0.3,0.08,1.14
0.3,0.09,1.14
0.3,0.1,1.14
0.6,0.03,1.15
0.5,0.04,1.15
0.45,0.05,1.15
0.4,0.06,1.15
0.35,0.07,1.15
0.3,0.08,1.15
0.3,0.09,1.15
0.3,0.1,1.15
0.55,0.03,1.16
0.5,0.04,1.16
0.4,0.05,1.16
0.4,0.06,1.16
0.35,0.07,1.16
0.3,0.08,1.16
0.3,0.09,1.16
0.3,0.1,1.16
0.55,0.03,1.17
0.5,0.04,1.17
0.4,0.05,1.17
0.4,0.06,1.17
0.35,0.07,1.17
0.3,0.08,1.17
0.3,0.09,1.17
0.3,0.1,1.17
0.55,0.03,1.18
0.5,0.04,1.18
0.4,0.05,1.18
0.35,0.06,1.18
0.35,0.07,1.18
0.3,0.08,1.18
0.3,0.09,1.18
0.3,0.1,1.18
0.55,0.03,1.19
0.5,0.04,1.19
0.4,0.05,1.19
0.35,0.06,1.19
0.35,0.07,1.19
0.3,0.08,1.19
0.3,0.09,1.19
0.3,0.1,1.19
0.55,0.03,1.2
0.45,0.04,1.2
0.4,0.05,1.2
0.35,0.06,1.2
0.35,0.07,1.2
0.3,0.08,1.2
0.3,0.09,1.2
0.3,0.1,1.2
0.55,0.03,1.21
0.45,0.04,1.21
0.4,0.05,1.21
0.35,0.06,1.21
0.35,0.07,1.21
0.3,0.08,1.21
0.3,0.09,1.21
0.3,0.1,1.21
0.55,0.03,1.22
0.45,0.04,1.22
0.4,0.05,1.22
0.35,0.06,1.22
0.35,0.07,1.22
0.3,0.08,1.22
0.3,0.09,1.22
0.3,0.1,1.22
0.55,0.03,1.23
0.45,0.04,1.23
0.4,0.05,1.23
0.35,0.06,1.23
0.3,0.07,1.23
0.3,0.08,1.23
0.3,0.09,1.23
0.3,0.1,1.23
0.55,0.03,1.24
0.45,0.04,1.24
0.4,0.05,1.24
0.35,0.06,1.24
0.3,0.07,1.24
0.3,0.08,1.24
0.3,0.09,1.24
0.3,0.1,1.24
0.55,0.03,1.25
0.45,0.04,1.25
0.4,0.05,1.25
0.35,0.06,1.25
0.3,0.07,1.25
0.3,0.08,1.25
0.3,0.09,1.25
0.3,0.1,1.25
0.55,0.03,1.26
0.45,0.04,1.26
0.4,0.05,1.26
0.35,0.06,1.26
0.3,0.07,1.26
0.3,0.08,1.26
0.3,0.09,1.26
0.3,0.1,1.26
0.55,0.03,1.27
0.45,0.04,1.27
0.4,0.05,1.27
0.35,0.06,1.27
0.3,0.07,1.27
0.3,0.08,1.27
0.3,0.09,1.27
0.3,0.1,1.27
0.55,0.03,1.28
0.45,0.04,1.28
0.4,0.05,1.28
0.35,0.06,1.28
0.3,0.07,1.28
0.3,0.08,1.28
0.3,0.09,1.28
0.3,0.1,1.28
0.55,0.03,1.29
0.45,0.04,1.29
0.4,0.05,1.29
0.35,0.06,1.29
0.3,0.07,1.29
0.3,0.08,1.29
0.3,0.09,1.29
0.3,0.1,1.29
0.55,0.03,1.3
0.45,0.04,1.3
0.4,0.05,1.3
0.35,0.06,1.3
0.3,0.07,1.3
0.3,0.08,1.3
0.3,0.09,1.3
0.3,0.1,1.3
0.55,0.03,1.31
0.45,0.04,1.31
0.4,0.05,1.31
0.35,0.06,1.31
0.3,0.07,1.31
0.3,0.08,1.31
0.3,0.09,1.31
0.3,0.1,1.31
0.5,0.03,1.32
0.45,0.04,1.32
0.4,0.05,1.32
0.35,0.06,1.32
0.3,0.07,1.32
0.3,0.08,1.32
0.3,0.09,1.32
0.3,0.1,1.32
0.5,0.03,1.33
0.45,0.04,1.33
0.35,0.05,1.33
0.35,0.06,1.33
0.3,0.07,1.33
0.3,0.08,1.33
0.3,0.09,1.33
0.3,0.1,1.33
0.5,0.03,1.34
0.45,0.04,1.34
0.35,0.05,1.34
0.35,0.06,1.34
0.3,0.07,1.34
0.3,0.08,1.34
0.3,0.09,1.34
0.3,0.1,1.34
0.5,0.03,1.35
0.45,0.04,1.35
0.35,0.05,1.35
0.3,0.06,1.35
0.3,0.07,1.35
0.3,0.08,1.35
0.3,0.09,1.35
0.3,0.1,1.35
0.5,0.03,1.36
0.4,0.04,1.36
0.35,0.05,1.36
0.3,0.06,1.36
0.3,0.07,1.36
0.3,0.08,1.36
0.3,0.09,1.36
0.3,0.1,1.36
0.5,0.03,1.37
0.4,0.04,1.37
0.35,0.05,1.37
0.3,0.06,1.37
0.3,0.07,1.37
0.3,0.08,1.37
0.3,0.09,1.37
0.3,0.1,1.37
0.5,0.03,1.38
0.4,0.04,1.38
0.35,0.05,1.38
0.3,0.06,1.38
0.3,0.07,1.38
0.3,0.08,1.38
0.3,0.09,1.38
0.3,0.1,1.38
0.5,0.03,1.39
0.4,0.04,1.39
0.35,0.05,1.39
0.3,0.06,1.39
0.3,0.07,1.39
0.3,0.08,1.39
0.3,0.09,1.39
0.3,0.1,1.39
0.5,0.03,1.4
0.4,0.04,1.4
0.35,0.05,1.4
0.3,0.06,1.4
0.3,0.07,1.4
0.3,0.08,1.4
0.3,0.09,1.4
0.3,0.1,1.4
0.5,0.03,1.41
0.4,0.04,1.41
0.35,0.05,1.41
0.3,0.06,1.41
0.3,0.07,1.41
0.3,0.08,1.41
0.3,0.09,1.41
0.3,0.1,1.41
0.5,0.03,1.42
0.4,0.04,1.42
0.35,0.05,1.42
0.3,0.06,1.42
0.3,0.07,1.42
0.3,0.08,1.42
0.3,0.09,1.42
0.3,0.1,1.42
0.5,0.03,1.43
0.4,0.04,1.43
0.35,0.05,1.43
0.3,0.06,1.43
0.3,0.07,1.43
0.3,0.08,1.43
0.3,0.09,1.43
0.3,0.1,1.43
0.5,0.03,1.44
0.4,0.04,1.44
0.35,0.05,1.44
0.3,0.06,1.44
0.3,0.07,1.44
0.3,0.08,1.44
0.3,0.09,1.44
0.3,0.1,1.44
0.5,0.03,1.45
0.4,0.04,1.45
0.35,0.05,1.45
0.3,0.06,1.45
0.3,0.07,1.45
0.3,0.08,1.45
0.3,0.09,1.45
0.3,0.1,1.45
0.5,0.03,1.46
0.4,0.04,1.46
0.35,0.05,1.46
0.3,0.06,1.46
0.3,0.07,1.46
0.3,0.08,1.46
0.3,0.09,1.46
0.3,0.1,1.46
0.5,0.03,1.47
0.4,0.04,1.47
0.35,0.05,1.47
0.3,0.06,1.47
0.3,0.07,1.47
0.3,0.08,1.47
0.3,0.09,1.47
0.3,0.1,1.47
0.5,0.03,1.48
0.4,0.04,1.48
0.35,0.05,1.48
0.3,0.06,1.48
0.3,0.07,1.48
0.3,0.08,1.48
0.3,0.09,1.48
0.3,0.1,1.48
0.5,0.03,1.49
0.4,0.04,1.49
0.35,0.05,1.49
0.3,0.06,1.49
0.3,0.07,1.49
0.3,0.08,1.49
0.3,0.09,1.49
0.3,0.1,1.49
0.45,0.03,1.5
0.4,0.04,1.5
0.3,0.05,1.5
0.3,0.06,1.5
0.3,0.07,1.5
0.3,0.08,1.5
0.3,0.09,1.5
0.3,0.1,1.5
0.45,0.03,1.51
0.4,0.04,1.51
0.3,0.05,1.51
0.3,0.06,1.51
0.3,0.07,1.51
0.3,0.08,1.51
0.3,0.09,1.51
0.3,0.1,1.51
0.45,0.03,1.52
0.4,0.04,1.52
0.3,0.05,1.52
0.3,0.06,1.52
0.3,0.07,1.52
0.3,0.08,1.52
0.3,0.09,1.52
0.3,0.1,1.52
0.45,0.03,1.53
0.4,0.04,1.53
0.3,0.05,1.53
0.3,0.06,1.53
0.3,0.07,1.53
0.3,0.08,1.53
0.3,0.09,1.53
0.3,0.1,1.53
0.45,0.03,1.54
0.35,0.04,1.54
0.3,0.05,1.54
0.3,0.06,1.54
0.3,0.07,1.54
0.3,0.08,1.54
0.3,0.09,1.54
0.3,0.1,1.54
0.45,0.03,1.55
0.35,0.04,1.55
0.3,0.05,1.55
0.3,0.06,1.55
0.3,0.07,1.55
0.3,0.08,1.55
0.3,0.09,1.55
0.3,0.1,1.55
0.45,0.03,1.56
0.35,0.04,1.56
0.3,0.05,1.56
0.3,0.06,1.56
0.3,0.07,1.56
0.3,0.08,1.56
0.3,0.09,1.56
0.3,0.1,1.56
0.45,0.03,1.57
0.35,0.04,1.57
0.3,0.05,1.57
0.3,0.06,1.57
0.3,0.07,1.57
0.3,0.08,1.57
0.3,0.09,1.57
0.3,0.1,1.57
0.45,0.03,1.58
0.35,0.04,1.58
0.3,0.05,1.58
0.3,0.06,1.58
0.3,0.07,1.58
0.3,0.08,1.58
0.3,0.09,1.58
0.3,0.1,1.58
0.45,0.03,1.59
0.35,0.04,1.59
0.3,0.05,1.59
0.3,0.06,1.59
0.3,0.07,1.59
0.3,0.08,1.59
0.3,0.09,1.59
0.3,0.1,1.59
0.45,0.03,1.6
0.35,0.04,1.6
0.3,0.05,1.6
0.3,0.06,1.6
0.3,0.07,1.6
0.3,0.08,1.6
0.3,0.09,1.6
0.3,0.1,1.6
0.45,0.03,1.61
0.35,0.04,1.61
0.3,0.05,1.61
0.3,0.06,1.61
0.3,0.07,1.61
0.3,0.08,1.61
0.3,0.09,1.61
0.3,0.1,1.61
0.45,0.03,1.62
0.35,0.04,1.62
0.3,0.05,1.62
0.3,0.06,1.62
0.3,0.07,1.62
0.3,0.08,1.62
0.3,0.09,1.62
0.3,0.1,1.62
0.45,0.03,1.63
0.35,0.04,1.63
0.3,0.05,1.63
0.3,0.06,1.63
0.3,0.07,1.63
0.3,0.08,1.63
0.3,0.09,1.63
0.3,0.1,1.63
0.45,0.03,1.64
0.35,0.04,1.64
0.3,0.05,1.64
0.3,0.06,1.64
0.3,0.07,1.64
0.3,0.08,1.64
0.3,0.09,1.64
0.3,0.1,1.64
0.45,0.03,1.65
0.35,0.04,1.65
0.3,0.05,1.65
0.3,0.06,1.65
0.3,0.07,1.65
0.3,0.08,1.65
0.3,0.09,1.65
0.3,0.1,1.65
0.45,0.03,1.66
0.35,0.04,1.66
0.3,0.05,1.66
0.3,0.06,1.66
0.3,0.07,1.66
0.3,0.08,1.66
0.3,0.09,1.66
0.3,0.1,1.66
0.45,0.03,1.67
0.35,0.04,1.67
0.3,0.05,1.67
0.3,0.06,1.67
0.3,0.07,1.67
0.3,0.08,1.67
0.3,0.09,1.67
0.3,0.1,1.67
0.4,0.03,1.68
0.35,0.04,1.68
0.3,0.05,1.68
0.3,0.06,1.68
0.3,0.07,1.68
0.3,0.08,1.68
0.3,0.09,1.68
0.3,0.1,1.68
0.4,0.03,1.69
0.35,0.04,1.69
0.3,0.05,1.69
0.3,0.06,1.69
0.3,0.07,1.69
0.3,0.08,1.69
0.3,0.09,1.69
0.3,0.1,1.69
0.4,0.03,1.7
0.35,0.04,1.7
0.3,0.05,1.7
0.3,0.06,1.7
0.3,0.07,1.7
0.3,0.08,1.7
0.3,0.09,1.7
0.3,0.1,1.7
0.4,0.03,1.71
0.35,0.04,1.71
0.3,0.05,1.71
0.3,0.06,1.71
0.3,0.07,1.71
0.3,0.08,1.71
0.3,0.09,1.71
0.3,0.1,1.71
0.4,0.03,1.72
0.35,0.04,1.72
0.3,0.05,1.72
0.3,0.06,1.72
0.3,0.07,1.72
0.3,0.08,1.72
0.3,0.09,1.72
0.3,0.1,1.72
0.4,0.03,1.73
0.3,0.04,1.73
0.3,0.05,1.73
0.3,0.06,1.73
0.3,0.07,1.73
0.3,0.08,1.73
0.3,0.09,1.73
0.3,0.1,1.73
0.4,0.03,1.74
0.3,0.04,1.74
0.3,0.05,1.74
0.3,0.06,1.74
0.3,0.07,1.74
0.3,0.08,1.74
0.3,0.09,1.74
0.3,0.1,1.74
0.4,0.03,1.75
0.3,0.04,1.75
0.3,0.05,1.75
0.3,0.06,1.75
0.3,0.07,1.75
0.3,0.08,1.75
0.3,0.09,1.75
0.3,0.1,1.75
0.4,0.03,1.76
0.3,0.04,1.76
0.3,0.05,1.76
0.3,0.06,1.76
0.3,0.07,1.76
0.3,0.08,1.76
0.3,0.09,1.76
0.3,0.1,1.76
0.4,0.03,1.77
0.3,0.04,1.77
0.3,0.05,1.77
0.3,0.06,1.77
0.3,0.07,1.77
0.3,0.08,1.77
0.3,0.09,1.77
0.3,0.1,1.77
0.4,0.03,1.78
0.3,0.04,1.78
0.3,0.05,1.78
0.3,0.06,1.78
0.3,0.07,1.78
0.3,0.08,1.78
0.3,0.09,1.78
0.3,0.1,1.78
0.4,0.03,1.79
0.3,0.04,1.79
0.3,0.05,1.79
0.3,0.06,1.79
0.3,0.07,1.79
0.3,0.08,1.79
0.3,0.09,1.79
0.3,0.1,1.79
0.4,0.03,1.8
0.3,0.04,1.8
0.3,0.05,1.8
0.3,0.06,1.8
0.3,0.07,1.8
0.3,0.08,1.8
0.3,0.09,1.8
0.3,0.1,1.8
0.4,0.03,1.81
0.3,0.04,1.81
0.3,0.05,1.81
0.3,0.06,1.81
0.3,0.07,1.81
0.3,0.08,1.81
0.3,0.09,1.81
0.3,0.1,1.81
0.4,0.03,1.82
0.3,0.04,1.82
0.3,0.05,1.82
0.3,0.06,1.82
0.3,0.07,1.82
0.3,0.08,1.82
0.3,0.09,1.82
0.3,0.1,1.82
0.4,0.03,1.83
0.3,0.04,1.83
0.3,0.05,1.83
0.3,0.06,1.83
0.3,0.07,1.83
0.3,0.08,1.83
0.3,0.09,1.83
0.3,0.1,1.83
0.4,0.03,1.84
0.3,0.04,1.84
0.3,0.05,1.84
0.3,0.06,1.84
0.3,0.07,1.84
0.3,0.08,1.84
0.3,0.09,1.84
0.3,0.1,1.84
0.4,0.03,1.85
0.3,0.04,1.85
0.3,0.05,1.85
0.3,0.06,1.85
0.3,0.07,1.85
0.3,0.08,1.85
0.3,0.09,1.85
0.3,0.1,1.85
0.4,0.03,1.86
0.3,0.04,1.86
0.3,0.05,1.86
0.3,0.06,1.86
0.3,0.07,1.86
0.3,0.08,1.86
0.3,0.09,1.86
0.3,0.1,1.86
0.4,0.03,1.87
0.3,0.04,1.87
0.3,0.05,1.87
0.3,0.06,1.87
0.3,0.07,1.87
0.3,0.08,1.87
0.3,0.09,1.87
0.3,0.1,1.87
0.35,0.03,1.88
0.3,0.04,1.88
0.3,0.05,1.88
0.3,0.06,1.88
0.3,0.07,1.88
0.3,0.08,1.88
0.3,0.09,1.88
0.3,0.1,1.88
0.35,0.03,1.89
0.3,0.04,1.89
0.3,0.05,1.89
0.3,0.06,1.89
0.3,0.07,1.89
0.3,0.08,1.89
0.3,0.09,1.89
0.3,0.1,1.89
0.35,0.03,1.9
0.3,0.04,1.9
0.3,0.05,1.9
0.3,0.06,1.9
0.3,0.07,1.9
0.3,0.08,1.9
0.3,0.09,1.9
0.3,0.1,1.9
0.35,0.03,1.91
0.3,0.04,1.91
0.3,0.05,1.91
0.3,0.06,1.91
0.3,0.07,1.91
0.3,0.08,1.91
0.3,0.09,1.91
0.3,0.1,1.91
0.35,0.03,1.92
0.3,0.04,1.92
0.3,0.05,1.92
0.3,0.06,1.92
0.3,0.07,1.92
0.3,0.08,1.92
0.3,0.09,1.92
0.3,0.1,1.92
0.35,0.03,1.93
0.3,0.04,1.93
0.3,0.05,1.93
0.3,0.06,1.93
0.3,0.07,1.93
0.3,0.08,1.93
0.3,0.09,1.93
0.3,0.1,1.93
0.35,0.03,1.94
0.3,0.04,1.94
0.3,0.05,1.94
0.3,0.06,1.94
0.3,0.07,1.94
0.3,0.08,1.94
0.3,0.09,1.94
0.3,0.1,1.94
0.35,0.03,1.95
0.3,0.04,1.95
0.3,0.05,1.95
0.3,0.06,1.95
0.3,0.07,1.95
0.3,0.08,1.95
0.3,0.09,1.95
0.3,0.1,1.95
0.35,0.03,1.96
0.3,0.04,1.96
0.3,0.05,1.96
0.3,0.06,1.96
0.3,0.07,1.96
0.3,0.08,1.96
0.3,0.09,1.96
0.3,0.1,1.96
0.35,0.03,1.97
0.3,0.04,1.97
0.3,0.05,1.97
0.3,0.06,1.97
0.3,0.07,1.97
0.3,0.08,1.97
0.3,0.09,1.97
0.3,0.1,1.97
0.35,0.03,1.98
0.3,0.04,1.98
0.3,0.05,1.98
0.3,0.06,1.98
0.3,0.07,1.98
0.3,0.08,1.98
0.3,0.09,1.98
0.3,0.1,1.98
0.35,0.03,1.99
0.3,0.04,1.99
0.3,0.05,1.99
0.3,0.06,1.99
0.3,0.07,1.99
0.3,0.08,1.99
0.3,0.09,1.99
0.3,0.1,1.99
0.35,0.03,2.0
0.3,0.04,2.0
0.3,0.05,2.0
0.3,0.06,2.0
0.3,0.07,2.0
0.3,0.08,2.0
0.3,0.09,2.0
0.3,0.1,2.0
0.35,0.03,2.01
0.3,0.04,2.01
0.3,0.05,2.01
0.3,0.06,2.01
0.3,0.07,2.01
0.3,0.08,2.01
0.3,0.09,2.01
0.3,0.1,2.01
0.35,0.03,2.02
0.3,0.04,2.02
0.3,0.05,2.02
0.3,0.06,2.02
0.3,0.07,2.02
0.3,0.08,2.02
0.3,0.09,2.02
0.3,0.1,2.02
0.35,0.03,2.03
0.3,0.04,2.03
0.3,0.05,2.03
0.3,0.06,2.03
0.3,0.07,2.03
0.3,0.08,2.03
0.3,0.09,2.03
0.3,0.1,2.03
0.35,0.03,2.04
0.3,0.04,2.04
0.3,0.05,2.04
0.3,0.06,2.04
0.3,0.07,2.04
0.3,0.08,2.04
0.3,0.09,2.04
0.3,0.1,2.04
0.35,0.03,2.05
0.3,0.04,2.05
0.3,0.05,2.05
0.3,0.06,2.05
0.3,0.07,2.05
0.3,0.08,2.05
0.3,0.09,2.05
0.3,0.1,2.05
0.35,0.03,2.06
0.3,0.04,2.06
0.3,0.05,2.06
0.3,0.06,2.06
0.3,0.07,2.06
0.3,0.08,2.06
0.3,0.09,2.06
0.3,0.1,2.06
0.35,0.03,2.07
0.3,0.04,2.07
0.3,0.05,2.07
0.3,0.06,2.07
0.3,0.07,2.07
0.3,0.08,2.07
0.3,0.09,2.07
0.3,0.1,2.07
0.35,0.03,2.08
0.3,0.04,2.08
0.3,0.05,2.08
0.3,0.06,2.08
0.3,0.07,2.08
0.3,0.08,2.08
0.3,0.09,2.08
0.3,0.1,2.08
0.35,0.03,2.09
0.3,0.04,2.09
0.3,0.05,2.09
0.3,0.06,2.09
0.3,0.07,2.09
0.3,0.08,2.09
0.3,0.09,2.09
0.3,0.1,2.09
0.3,0.03,2.1
0.3,0.04,2.1
0.3,0.05,2.1
0.3,0.06,2.1
0.3,0.07,2.1
0.3,0.08,2.1
0.3,0.09,2.1
0.3,0.1,2.1
0.3,0.03,2.11
0.3,0.04,2.11
0.3,0.05,2.11
0.3,0.06,2.11
0.3,0.07,2.11
0.3,0.08,2.11
0.3,0.09,2.11
0.3,0.1,2.11
0.3,0.03,2.12
0.3,0.04,2.12
0.3,0.05,2.12
0.3,0.06,2.12
0.3,0.07,2.12
0.3,0.08,2.12
0.3,0.09,2.12
0.3,0.1,2.12
0.3,0.03,2.13
0.3,0.04,2.13
0.3,0.05,2.13
0.3,0.06,2.13
0.3,0.07,2.13
0.3,0.08,2.13
0.3,0.09,2.13
0.3,0.1,2.13
0.3,0.03,2.14
0.3,0.04,2.14
0.3,0.05,2.14
0.3,0.06,2.14
0.3,0.07,2.14
0.3,0.08,2.14
0.3,0.09,2.14
0.3,0.1,2.14
0.3,0.03,2.15
0.3,0.04,2.15
0.3,0.05,2.15
0.3,0.06,2.15
0.3,0.07,2.15
0.3,0.08,2.15
0.3,0.09,2.15
0.3,0.1,2.15
0.3,0.03,2.16
0.3,0.04,2.16
0.3,0.05,2.16
0.3,0.06,2.16
0.3,0.07,2.16
0.3,0.08,2.16
0.3,0.09,2.16
0.3,0.1,2.16
0.3,0.03,2.17
0.3,0.04,2.17
0.3,0.05,2.17
0.3,0.06,2.17
0.3,0.07,2.17
0.3,0.08,2.17
0.3,0.09,2.17
0.3,0.1,2.17
0.3,0.03,2.18
0.3,0.04,2.18
0.3,0.05,2.18
0.3,0.06,2.18
0.3,0.07,2.18
0.3,0.08,2.18
0.3,0.09,2.18
0.3,0.1,2.18
0.3,0.03,2.19
0.3,0.04,2.19
0.3,0.05,2.19
0.3,0.06,2.19
0.3,0.07,2.19
0.3,0.08,2.19
0.3,0.09,2.19
0.3,0.1,2.19
0.3,0.03,2.2
0.3,0.04,2.2
0.3,0.05,2.2
0.3,0.06,2.2
0.3,0.07,2.2
0.3,0.08,2.2
0.3,0.09,2.2
0.3,0.1,2.2
0.3,0.03,2.21
0.3,0.04,2.21
0.3,0.05,2.21
0.3,0.06,2.21
0.3,0.07,2.21
0.3,0.08,2.21
0.3,0.09,2.21
0.3,0.1,2.21
0.3,0.03,2.22
0.3,0.04,2.22
0.3,0.05,2.22
0.3,0.06,2.22
0.3,0.07,2.22
0.3,0.08,2.22
0.3,0.09,2.22
0.3,0.1,2.22
0.3,0.03,2.23
0.3,0.04,2.23
0.3,0.05,2.23
0.3,0.06,2.23
0.3,0.07,2.23
0.3,0.08,2.23
0.3,0.09,2.23
0.3,0.1,2.23
0.3,0.03,2.24
0.3,0.04,2.24
0.3,0.05,2.24
0.3,0.06,2.24
0.3,0.07,2.24
0.3,0.08,2.24
0.3,0.09,2.24
0.3,0.1,2.24
0.3,0.03,2.25
0.3,0.04,2.25
0.3,0.05,2.25
0.3,0.06,2.25
0.3,0.07,2.25
0.3,0.08,2.25
0.3,0.09,2.25
0.3,0.1,2.25
0.3,0.03,2.26
0.3,0.04,2.26
0.3,0.05,2.26
0.3,0.06,2.26
0.3,0.07,2.26
0.3,0.08,2.26
0.3,0.09,2.26
0.3,0.1,2.26
0.3,0.03,2.27
0.3,0.04,2.27
0.3,0.05,2.27
0.3,0.06,2.27
0.3,0.07,2.27
0.3,0.08,2.27
0.3,0.09,2.27
0.3,0.1,2.27
0.3,0.03,2.28
0.3,0.04,2.28
0.3,0.05,2.28
0.3,0.06,2.28
0.3,0.07,2.28
0.3,0.08,2.28
0.3,0.09,2.28
0.3,0.1,2.28
0.3,0.03,2.29
0.3,0.04,2.29
0.3,0.05,2.29
0.3,0.06,2.29
0.3,0.07,2.29
0.3,0.08,2.29
0.3,0.09,2.29
0.3,0.1,2.29
0.3,0.03,2.3
0.3,0.04,2.3
0.3,0.05,2.3
0.3,0.06,2.3
0.3,0.07,2.3
0.3,0.08,2.3
0.3,0.09,2.3
0.3,0.1,2.3
0.3,0.03,2.31
0.3,0.04,2.31
0.3,0.05,2.31
0.3,0.06,2.31
0.3,0.07,2.31
0.3,0.08,2.31
0.3,0.09,2.31
0.3,0.1,2.31
0.3,0.03,2.32
0.3,0.04,2.32
0.3,0.05,2.32
0.3,0.06,2.32
0.3,0.07,2.32
0.3,0.08,2.32
0.3,0.09,2.32
0.3,0.1,2.32
0.3,0.03,2.33
0.3,0.04,2.33
0.3,0.05,2.33
0.3,0.06,2.33
0.3,0.07,2.33
0.3,0.08,2.33
0.3,0.09,2.33
0.3,0.1,2.33
0.3,0.03,2.34
0.3,0.04,2.34
0.3,0.05,2.34
0.3,0.06,2.34
0.3,0.07,2.34
0.3,0.08,2.34
0.3,0.09,2.34
0.3,0.1,2.34
0.3,0.03,2.35
0.3,0.04,2.35
0.3,0.05,2.35
0.3,0.06,2.35
0.3,0.07,2.35
0.3,0.08,2.35
0.3,0.09,2.35
0.3,0.1,2.35
0.3,0.03,2.36
0.3,0.04,2.36
0.3,0.05,2.36
0.3,0.06,2.36
0.3,0.07,2.36
0.3,0.08,2.36
0.3,0.09,2.36
0.3,0.1,2.36
0.3,0.03,2.37
0.3,0.04,2.37
0.3,0.05,2.37
0.3,0.06,2.37
0.3,0.07,2.37
0.3,0.08,2.37
0.3,0.09,2.37
0.3,0.1,2.37
0.3,0.03,2.38
0.3,0.04,2.38
0.3,0.05,2.38
0.3,0.06,2.38
0.3,0.07,2.38
0.3,0.08,2.38
0.3,0.09,2.38
0.3,0.1,2.38
0.3,0.03,2.39
0.3,0.04,2.39
0.3,0.05,2.39
0.3,0.06,2.39
0.3,0.07,2.39
0.3,0.08,2.39
0.3,0.09,2.39
0.3,0.1,2.39
0.3,0.03,2.4
0.3,0.04,2.4
0.3,0.05,2.4
0.3,0.06,2.4
0.3,0.07,2.4
0.3,0.08,2.4
0.3,0.09,2.4
0.3,0.1,2.4
0.3,0.03,2.41
0.3,0.04,2.41
0.3,0.05,2.41
0.3,0.06,2.41
0.3,0.07,2.41
0.3,0.08,2.41
0.3,0.09,2.41
0.3,0.1,2.41
0.3,0.03,2.42
0.3,0.04,2.42
0.3,0.05,2.42
0.3,0.06,2.42
0.3,0.07,2.42
0.3,0.08,2.42
0.3,0.09,2.42
0.3,0.1,2.42
0.3,0.03,2.43
0.3,0.04,2.43
0.3,0.05,2.43
0.3,0.06,2.43
0.3,0.07,2.43
0.3,0.08,2.43
0.3,0.09,2.43
0.3,0.1,2.43
0.3,0.03,2.44
0.3,0.04,2.44
0.3,0.05,2.44
0.3,0.06,2.44
0.3,0.07,2.44
0.3,0.08,2.44
0.3,0.09,2.44
0.3,0.1,2.44
0.3,0.03,2.45
0.3,0.04,2.45
0.3,0.05,2.45
0.3,0.06,2.45
0.3,0.07,2.45
0.3,0.08,2.45
0.3,0.09,2.45
0.3,0.1,2.45
0.3,0.03,2.46
0.3,0.04,2.46
0.3,0.05,2.46
0.3,0.06,2.46
0.3,0.07,2.46
0.3,0.08,2.46
0.3,0.09,2.46
0.3,0.1,2.46
0.3,0.03,2.47
0.3,0.04,2.47
0.3,0.05,2.47
0.3,0.06,2.47
0.3,0.07,2.47
0.3,0.08,2.47
0.3,0.09,2.47
0.3,0.1,2.47
0.3,0.03,2.48
0.3,0.04,2.48
0.3,0.05,2.48
0.3,0.06,2.48
0.3,0.07,2.48
0.3,0.08,2.48
0.3,0.09,2.48
0.3,0.1,2.48
0.3,0.03,2.49
0.3,0.04,2.49
0.3,0.05,2.49
0.3,0.06,2.49
0.3,0.07,2.49
0.3,0.08,2.49
0.3,0.09,2.49
0.3,0.1,2.49
0.3,0.03,2.5
0.3,0.04,2.5
0.3,0.05,2.5
0.3,0.06,2.5
0.3,0.07,2.5
0.3,0.08,2.5
0.3,0.09,2.5
0.3,0.1,2.5
0.3,0.03,2.51
0.3,0.04,2.51
0.3,0.05,2.51
0.3,0.06,2.51
0.3,0.07,2.51
0.3,0.08,2.51
0.3,0.09,2.51
0.3,0.1,2.51
0.3,0.03,2.52
0.3,0.04,2.52
0.3,0.05,2.52
0.3,0.06,2.52
0.3,0.07,2.52
0.3,0.08,2.52
0.3,0.09,2.52
0.3,0.1,2.52
0.3,0.03,2.53
0.3,0.04,2.53
0.3,0.05,2.53
0.3,0.06,2.53
0.3,0.07,2.53
0.3,0.08,2.53
0.3,0.09,2.53
0.3,0.1,2.53
0.3,0.03,2.54
0.3,0.04,2.54
0.3,0.05,2.54
0.3,0.06,2.54
0.3,0.07,2.54
0.3,0.08,2.54
0.3,0.09,2.54
0.3,0.1,2.54
0.3,0.03,2.55
0.3,0.04,2.55
0.3,0.05,2.55
0.3,0.06,2.55
0.3,0.07,2.55
0.3,0.08,2.55
0.3,0.09,2.55
0.3,0.1,2.55
0.3,0.03,2.56
0.3,0.04,2.56
0.3,0.05,2.56
0.3,0.06,2.56
0.3,0.07,2.56
0.3,0.08,2.56
0.3,0.09,2.56
0.3,0.1,2.56
0.3,0.03,2.57
0.3,0.04,2.57
0.3,0.05,2.57
0.3,0.06,2.57
0.3,0.07,2.57
0.3,0.08,2.57
0.3,0.09,2.57
0.3,0.1,2.57
0.3,0.03,2.58
0.3,0.04,2.58
0.3,0.05,2.58
0.3,0.06,2.58
0.3,0.07,2.58
0.3,0.08,2.58
0.3,0.09,2.58
0.3,0.1,2.58
0.3,0.03,2.59
0.3,0.04,2.59
0.3,0.05,2.59
0.3,0.06,2.59
0.3,0.07,2.59
0.3,0.08,2.59
0.3,0.09,2.59
0.3,0.1,2.59
0.3,0.03,2.6
0.3,0.04,2.6
0.3,0.05,2.6
0.3,0.06,2.6
0.3,0.07,2.6
0.3,0.08,2.6
0.3,0.09,2.6
0.3,0.1,2.6
0.3,0.03,2.61
0.3,0.04,2.61
0.3,0.05,2.61
0.3,0.06,2.61
0.3,0.07,2.61
0.3,0.08,2.61
0.3,0.09,2.61
0.3,0.1,2.61
0.3,0.03,2.62
0.3,0.04,2.62
0.3,0.05,2.62
0.3,0.06,2.62
0.3,0.07,2.62
0.3,0.08,2.62
0.3,0.09,2.62
0.3,0.1,2.62
0.3,0.03,2.63
0.3,0.04,2.63
0.3,0.05,2.63
0.3,0.06,2.63
0.3,0.07,2.63
0.3,0.08,2.63
0.3,0.09,2.63
0.3,0.1,2.63
0.3,0.03,2.64
0.3,0.04,2.64
0.3,0.05,2.64
0.3,0.06,2.64
0.3,0.07,2.64
0.3,0.08,2.64
0.3,0.09,2.64
0.3,0.1,2.64
0.3,0.03,2.65
0.3,0.04,2.65
0.3,0.05,2.65
0.3,0.06,2.65
0.3,0.07,2.65
0.3,0.08,2.65
0.3,0.09,2.65
0.3,0.1,2.65
0.3,0.03,2.66
0.3,0.04,2.66
0.3,0.05,2.66
0.3,0.06,2.66
0.3,0.07,2.66
0.3,0.08,2.66
0.3,0.09,2.66
0.3,0.1,2.66
0.3,0.03,2.67
0.3,0.04,2.67
0.3,0.05,2.67
0.3,0.06,2.67
0.3,0.07,2.67
0.3,0.08,2.67
0.3,0.09,2.67
0.3,0.1,2.67
0.3,0.03,2.68
0.3,0.04,2.68
0.3,0.05,2.68
0.3,0.06,2.68
0.3,0.07,2.68
0.3,0.08,2.68
0.3,0.09,2.68
0.3,0.1,2.68
0.3,0.03,2.69
0.3,0.04,2.69
0.3,0.05,2.69
0.3,0.06,2.69
0.3,0.07,2.69
0.3,0.08,2.69
0.3,0.09,2.69
0.3,0.1,2.69
0.3,0.03,2.7
0.3,0.04,2.7
0.3,0.05,2.7
0.3,0.06,2.7
0.3,0.07,2.7
0.3,0.08,2.7
0.3,0.09,2.7
0.3,0.1,2.7
0.3,0.03,2.71
0.3,0.04,2.71
0.3,0.05,2.71
0.3,0.06,2.71
0.3,0.07,2.71
0.3,0.08,2.71
0.3,0.09,2.71
0.3,0.1,2.71
0.3,0.03,2.72
0.3,0.04,2.72
0.3,0.05,2.72
0.3,0.06,2.72
0.3,0.07,2.72
0.3,0.08,2.72
0.3,0.09,2.72
0.3,0.1,2.72
0.3,0.03,2.73
0.3,0.04,2.73
0.3,0.05,2.73
0.3,0.06,2.73
0.3,0.07,2.73
0.3,0.08,2.73
0.3,0.09,2.73
0.3,0.1,2.73
0.3,0.03,2.74
0.3,0.04,2.74
0.3,0.05,2.74
0.3,0.06,2.74
0.3,0.07,2.74
0.3,0.08,2.74
0.3,0.09,2.74
0.3,0.1,2.74
0.3,0.03,2.75
0.3,0.04,2.75
0.3,0.05,2.75
0.3,0.06,2.75
0.3,0.07,2.75
0.3,0.08,2.75
0.3,0.09,2.75
0.3,0.1,2.75
0.3,0.03,2.76
0.3,0.04,2.76
0.3,0.05,2.76
0.3,0.06,2.76
0.3,0.07,2.76
0.3,0.08,2.76
0.3,0.09,2.76
0.3,0.1,2.76
0.3,0.03,2.77
0.3,0.04,2.77
0.3,0.05,2.77
0.3,0.06,2.77
0.3,0.07,2.77
0.3,0.08,2.77
0.3,0.09,2.77
0.3,0.1,2.77
0.3,0.03,2.78
0.3,0.04,2.78
0.3,0.05,2.78
0.3,0.06,2.78
0.3,0.07,2.78
0.3,0.08,2.78
0.3,0.09,2.78
0.3,0.1,2.78
0.3,0.03,2.79
0.3,0.04,2.79
0.3,0.05,2.79
0.3,0.06,2.79
0.3,0.07,2.79
0.3,0.08,2.79
0.3,0.09,2.79
0.3,0.1,2.79
0.3,0.03,2.8
0.3,0.04,2.8
0.3,0.05,2.8
0.3,0.06,2.8
0.3,0.07,2.8
0.3,0.08,2.8
0.3,0.09,2.8
0.3,0.1,2.8
0.3,0.03,2.81
0.3,0.04,2.81
0.3,0.05,2.81
0.3,0.06,2.81
0.3,0.07,2.81
0.3,0.08,2.81
0.3,0.09,2.81
0.3,0.1,2.81
0.3,0.03,2.82
0.3,0.04,2.82
0.3,0.05,2.82
0.3,0.06,2.82
0.3,0.07,2.82
0.3,0.08,2.82
0.3,0.09,2.82
0.3,0.1,2.82
0.3,0.03,2.83
0.3,0.04,2.83
0.3,0.05,2.83
0.3,0.06,2.83
0.3,0.07,2.83
0.3,0.08,2.83
0.3,0.09,2.83
0.3,0.1,2.83
0.3,0.03,2.84
0.3,0.04,2.84
0.3,0.05,2.84
0.3,0.06,2.84
0.3,0.07,2.84
0.3,0.08,2.84
0.3,0.09,2.84
0.3,0.1,2.84
0.3,0.03,2.85
0.3,0.04,2.85
0.3,0.05,2.85
0.3,0.06,2.85
0.3,0.07,2.85
0.3,0.08,2.85
0.3,0.09,2.85
0.3,0.1,2.85
0.3,0.03,2.86
0.3,0.04,2.86
0.3,0.05,2.86
0.3,0.06,2.86
0.3,0.07,2.86
0.3,0.08,2.86
0.3,0.09,2.86
0.3,0.1,2.86
0.3,0.03,2.87
0.3,0.04,2.87
0.3,0.05,2.87
0.3,0.06,2.87
0.3,0.07,2.87
0.3,0.08,2.87
0.3,0.09,2.87
0.3,0.1,2.87
0.3,0.03,2.88
0.3,0.04,2.88
0.3,0.05,2.88
0.3,0.06,2.88
0.3,0.07,2.88
0.3,0.08,2.88
0.3,0.09,2.88
0.3,0.1,2.88
0.3,0.03,2.89
0.3,0.04,2.89
0.3,0.05,2.89
0.3,0.06,2.89
0.3,0.07,2.89
0.3,0.08,2.89
0.3,0.09,2.89
0.3,0.1,2.89
0.3,0.03,2.9
0.3,0.04,2.9
0.3,0.05,2.9
0.3,0.06,2.9
0.3,0.07,2.9
0.3,0.08,2.9
0.3,0.09,2.9
0.3,0.1,2.9
0.3,0.03,2.91
0.3,0.04,2.91
0.3,0.05,2.91
0.3,0.06,2.91
0.3,0.07,2.91
0.3,0.08,2.91
0.3,0.09,2.91
0.3,0.1,2.91
0.3,0.03,2.92
0.3,0.04,2.92
0.3,0.05,2.92
0.3,0.06,2.92
0.3,0.07,2.92
0.3,0.08,2.92
0.3,0.09,2.92
0.3,0.1,2.92
0.3,0.03,2.93
0.3,0.04,2.93
0.3,0.05,2.93
0.3,0.06,2.93
0.3,0.07,2.93
0.3,0.08,2.93
0.3,0.09,2.93
0.3,0.1,2.93
0.3,0.03,2.94
0.3,0.04,2.94
0.3,0.05,2.94
0.3,0.06,2.94
0.3,0.07,2.94
0.3,0.08,2.94
0.3,0.09,2.94
0.3,0.1,2.94
0.3,0.03,2.95
0.3,0.04,2.95
0.3,0.05,2.95
0.3,0.06,2.95
0.3,0.07,2.95
0.3,0.08,2.95
0.3,0.09,2.95
0.3,0.1,2.95
0.3,0.03,2.96
0.3,0.04,2.96
0.3,0.05,2.96
0.3,0.06,2.96
0.3,0.07,2.96
0.3,0.08,2.96
0.3,0.09,2.96
0.3,0.1,2.96
0.3,0.03,2.97
0.3,0.04,2.97
0.3,0.05,2.97
0.3,0.06,2.97
0.3,0.07,2.97
0.3,0.08,2.97
0.3,0.09,2.97
0.3,0.1,2.97
0.3,0.03,2.98
0.3,0.04,2.98
0.3,0.05,2.98
0.3,0.06,2.98
0.3,0.07,2.98
0.3,0.08,2.98
0.3,0.09,2.98
0.3,0.1,2.98
0.3,0.03,2.99
0.3,0.04,2.99
0.3,0.05,2.99
0.3,0.06,2.99
0.3,0.07,2.99
0.3,0.08,2.99
0.3,0.09,2.99
0.3,0.1,2.99
